16134893,4,엑시트,전연령대라 가능한 흥행인듯 솔직히 코믹도 반 스릴도 반이라 둘을 겨우합쳐 백점 만든 느낌 관상이나 형에서의 조정석 찰떡 캐릭터 급도 아니고 윤아도 차라리 단역이었던 공조에서의 캐릭터가 더 살았음 이영화에선 모든게 애매해서 기대이하였음 ,yoos****,19.09.10
16134892,1,엑시트,평점조정차원1점줌 윤아도 문제지만 조정석은 의외로 어색하네 개뜬금영화 ,wogn****,19.09.10
16134891,2,유열의 음악앨범,"후 진짜 왠만해선 영화관에서 영화잘보는데폰만만짐 스트레스만 받고나옴,,,답답내용전개 이상하고 억지감동별점주기아까움,,,,씹노잼 보지마세요 ",dbwj****,19.09.10
16134889,10,주전장,상영관좀 늘려주셨으면ㅜㅜ ,agen****,19.09.10
16134887,10,시실리 2km,아직 안 보셨다면 두 번 보시라 ,capt****,19.09.10
16134888,7,유열의 음악앨범,옛날 엔 사랑은 돈을 떠나  사랑하는이와 결혼할수 있었는데 현시대는 사랑하는 사람보다 능력있는 사람과 사귀게 되는것이 안타깝다. ,yjyh****,19.09.10
16134886,10,우리집,아이들에게 미안한 마음이.. ,perf****,19.09.10
16134885,6,엑스맨: 다크 피닉스,초반보고 중반거르고 후반싸움신만보세요ㅡ중반오십분정도는 개판임 중이병 걸린 진그레이에 쓸데없이 강하고 죽지도않는 외계인들 목적불문명 그냥 진그레이만 쫓아다니고 가장불쌍한 미스틱 얼척없음 ㅡ그나마 후반씬이 볼만해서 6점 ,bbon****,19.09.10
16134884,10,유열의 음악앨범,건축학개론.. 이후에 느껴보는.. 90년대 대학생 시절을 떠올리게 하는 잔잔한 감성 영화.. 그 시절 각자의 누군가를 떠올려 보게 하는 영화다~!! ^^ ,sbur****,19.09.10
16134883,1,유열의 음악앨범,어떻게 이 배우들로 이런 형편없는 영화를 찍었는지.. 안타까울 뿐입니다. 반전은 없고 쌩뚱만 있네요. 표 구입한 돈 보다 영화를 본 시간이 더 아깝습니다. 저 같은 피해자(?)가 없길 바라며 평점을 씁니다~ ,jell****,19.09.10
16134882,10,유열의 음악앨범,보고 얘기하자 얘들아!!!! 제발 ,roro****,19.09.10
16134881,10,안녕 베일리,많이 따뜻해요. 반려동물과의 이상적인 여행을 실현시켜줘서 고맙습니다.조건 없이 사랑해주는 댕댕이의 절대적 지지속에서 이루어지는 성장 드라마 잘봤습니다. ^^ 마음이 몽글몽글♡ ,mira****,19.09.10
16134880,9,어바웃 타임,결혼식 장면은 최고에요. ,pmgb****,19.09.10
16134879,1,그것: 두 번째 이야기,기대 이하였습니다 중간에 나옴 ,wkwk****,19.09.10
16134878,10,분노의 질주: 홉스&쇼,여주도이쁘고 재미도나고 ㅎㅎ 두주인공도 너무좋고 ㅎ ,pret****,19.09.10
16134877,10,바람의 파이터,지금나오면천만입니다 ,roto****,19.09.10
16134876,10,틴 스피릿,평점이 낮아 고민했지만 역시! 저에겐 재밌는 영화네요~! ,bini****,19.09.10
16134875,1,변신,흐아 노잼....돈 시간 아까웠음 ,qpsi****,19.09.10
16134874,10,클로즈드 노트,이런 좋은 선생님이 실제로 있다면 얼마나 좋을까요?  넘 좋은 영화입니다. ,74bo****,19.09.10
16134873,8,그것: 두 번째 이야기,1편을 본 사람이라면. ,rayb****,19.09.10
16134872,10,서스페리아,내스탈 ㅎㅎㅎ두번봐도 안질림 다코타존슨 존예 ,pooh****,19.09.10
16134871,10,틴 스피릿,영상도 예쁘고 노래도 다 좋아요! ,yah4****,19.09.10
16134870,2,엑시트, 우왕 진짜 알바들 바글바글 ㅎㅎㅎ ,jong****,19.09.10
16134869,7,사자,"그냥 오컬트액션 영화사제, 사신까지  나올수있으려나 ",pooh****,19.09.10
16134868,10,유열의 음악앨범,아 너무너무 좋은 영화였어요.. 먹먹했다가 웃었다가 를 반복했던..^^ 해인배우님 고은배우님 너무좋아요 ,dudr****,19.09.10
16134867,10,봉오동 전투,초반에 별로 긴장 안하고 보다 호랑이 찌를 때부터 피가 끓더라. 으.... ,mini****,19.09.10
16134866,10,안녕 베일리,따뜻한 영화. 헨리연기 보는 재미까지 굿!!! ,swan****,19.09.10
16134865,10,복수혈전,존나웃기네ㅋㅋㅋㅋ이경규님최고입니다 ,telr****,19.09.10
16134863,10,엑시트,재밌어요 극장에서 보고 웃었던 영화 극한 직업 이후로 처음입니다 ,4525****,19.09.10
16134862,10,도둑들,다섯번을 봐도 재밌는 영화^^ ,sear****,19.09.10
16134861,7,갈증,감독이 올드보이를 참 감명깊게 본것 같다. ,icet****,19.09.10
16134860,10,마녀,우리도 헐리웃 영화 만들수 있다는거 증명함 ,bjcc****,19.09.10
16134859,7,일루셔니스트,마술과 반전이 흥미롭다. 다만 신비한 마술이 더 많이 나왔으면 괜찮지 않았을까 한다. 그리고 자신들의 행복을 위해 황태자를 그렇게까지 희생시킬 필요가 있었을까? ,seri****,19.09.10
16134858,10,안녕 베일리,오늘 이 영화 보고 얼큰한 개장국 먹고 왔습니다  저도  개 키우는데 정말 따뜻한 영화 .. ,chlt****,19.09.10
16134857,10,틴 스피릿,엘르패닝 짱.. 엘르패닝 연기도 잘하고 노래도 잘하고 춤도 잘추고 갓벽하다..갓벽해.. ,awef****,19.09.10
16134856,10,틴 스피릿,기대보다 너무 재밌게 봤어요! 추천 ,kmin****,19.09.10
16134855,1,게이트,독립영화도 이 영화보다는 재밌다 ,inde****,19.09.10
16134854,10,변신,나름 신선하고 흥미로웠음 ㅊㅊ ,tjka****,19.09.10
16134853,9,엑시트,심장이 쫄깃해지고 손에 땀이 쥐어지는 영화. ,ark0****,19.09.10
16134852,10,우리집,그때의 내가 아이들과 함께했던 시간.어른의 시선으로 귀엽고 가여운 아이들이 보이지만내 안의 어린 나는 아이들과 같이 짧은 웃음으로 긴 울음을 삼켰다. ,mega****,19.09.10
16134851,9,엑시트,백수도 할 줄 아는게 있어요~ ,iblu****,19.09.10
16134850,10,틴 스피릿,잔잔한데 재미있어요 ㅜㅜ 엘르패닝 최고 ,agna****,19.09.10
16134849,10,분노의 질주: 홉스&쇼,이거  원  여름엔  이런  영화지 ,79rl****,19.09.10
16134848,2,유열의 음악앨범,돈/시간 아깝구 졸립기도하구...하지만 감탄하게만드는 정해인 외모...정해인 팬이라면 돈/시간 아깝지않을듯 ,jhsi****,19.09.10
16134847,10,남자사용설명서,오정세 연기 보는맛이 있음 10점 영화는 아니라 생각하지만 6점대 영화도 아니라 생각하기에 평점 맞추기 10점드림. ,kaka****,19.09.10
16134846,7,47미터 2,킬링타임용으로 손색 없습니다. 긴장감도 넘치구요. 내용은 너무 깊게 들어가지 말게요 ,snde****,19.09.10
16134845,10,엑시트,잼있게 보았습니다 ~~^^ ,namk****,19.09.10
16134844,10,안나,진짜 재미있게봤어요 지루할 틈이없음 ,hell****,19.09.10
16134843,5,그것: 두 번째 이야기,평점높은거 믿고 봤다가 뒤통수 ^^.. 무섭지도 않고 징그럽기만 했다ㅠㅠ ,chbk****,19.09.10
16134842,2,사자,스토리가 너무 어설픈데.. ,qrss****,19.09.10
16134841,3,그것: 두 번째 이야기,평점이 너무 후하다. 후속작으로 나쁘진 않으나 전혀 다른 영화같다느니 전작 뛰어넘었다느니 그건 아닌듯... 너무 기대평이 고 평가 되어 있음. ,ljun****,19.09.10
16134840,2,오목소녀,단편영화냐?티비 스크린채널서 보고있다  일본영화인줄 ㅋㅋ ,rlad****,19.09.10
16134838,8,47미터 2,처음 혼자 보고 옴조조라 그런지영화관에 나 혼자였음처음 남자 먹힐 때 담올 뻔 했다 ,qlsj****,19.09.10
16134836,6,사자,음 멋진배우를 불주먹에이스로 변신시킨 감독님이건 아닙니다 ㅠ ㅠ 악역도 무슨 물고기 인간도 아니고 ㅠㅠ 구마할땐 그래도 좀 사이다였는데 불주먹대신 옅은 빛으로 표현했다면 덜 오그라들듯 했어요 ㅠ ,hs70****,19.09.10
16134835,1,김복동,자전차왕 엄복동~반일종족주의 ,hell****,19.09.10
16134833,10,엑시트,초딩딸이랑 손에 땀나는거 서로 꼭잡고 봄 ㅋㅋㅋ ,call****,19.09.10
16134832,5,노트북,론이불쌍해서 5점준다 ,zaq1****,19.09.10
16134831,10,안녕 베일리,상영관이 너무 없음ㅜㅜ ,domj****,19.09.10
16134830,1,변신,하...감독님 다음부터는 영화만들지 마세요. ,leec****,19.09.10
16134829,6,호스텔,너무 불쾌하고 잔혹하고 고통받는 기분이었다. 한마디로 찝찝하고 더럽움 정신이 멍한 영화. ,in04****,19.09.10
16134828,8,유열의 음악앨범,옛 감성과 스토리 젊었던날을 그립게 만들어주는 영화 ,kym2****,19.09.10
16134827,10,엑시트,와 아  이런 재난영화를 감독에게 찬사를 ,gusq****,19.09.10
16134826,8,변신,소름돗는영화 배우들의 연기력도 짱 ,haes****,19.09.10
16134824,10,분노의 질주: 홉스&쇼,또보고싶은영화분노의 질주매니아인데 돔이 안나와 걱정했지만 그래도 역시 분노의질주 짱 ,haes****,19.09.10
16134823,8,봉오동 전투,배우들의 연기력에 박수를 보냅니다 ,haes****,19.09.10
16134822,6,엑시트,SoSo재미없지도 않고 있지도 않고 무난하게 보고왔어여 ,haes****,19.09.10
16134821,7,진범,범인을 예상하면서 보는내내 반전이 있을까했지만..역시나 예상한 범인이라 조금 실망..그래도 볼만은했음 ,ange****,19.09.10
16134820,10,그것: 두 번째 이야기,재밌지만 방광은 터질뻔한 영화 ,jkkm****,19.09.10
16134819,2,그것: 두 번째 이야기,기대만큼이나 실망도 컸던영화 돈주고 다시보라고해도 사양한다 ,dbwl****,19.09.10
16134818,10,커런트 워,천재들의 치열한 싸움이 훌륭한 배우들의 연기와 멋진 연출로 한층 돋보였습니다. 우리는 우리도 모르는 사이 천재들이 남긴 업적을 매일 누리고 살아가고 있군요. 멋진 영화 감사합니다. ,jieu****,19.09.10
16134817,10,기생충,영화 진짜 잘 만든다..예전엔 연기자들의 주옥 같은 연기가 영화에 힘을 실어줬다면..이젠 영화 그 자체에 연기자들이 자연스레 녹아든 것 같다. 이게 정말..작품이라 말할 수 있지 않을까? ,rlar****,19.09.10
16134816,10,"스탠바이, 웬디",아니이거 줄거리누가씀??? ,newt****,19.09.10
16134815,10,정글,실화라는거에 소름.. 칼과 마커스에겐 무슨 일이있었을까.. 첨부터 끝까지 몰입감 있게 푹 빠져본 영화..진심 최고다 ,njm3****,19.09.10
16134814,8,엑시트,너무너무 재미있습니다 ,hail****,19.09.10
16134813,10,봉오동 전투,자신의 목숨을 아끼지 않고 독립을 위해 싸우고 희생 당하신 선조들의 위대함에 감동했어요. 기대했던 것 이상의 훌륭한 영화입니다 ,sulj****,19.09.10
16134812,10,유열의 음악앨범,아주 빵빵터지고 커다란 사건이 없는 잔잔한 영화지만 몇년 뒤 우연히 또 보고싶은 영화입니다.  개연성 부분은 오히려 관객들에게 상상할 수 있는 여지를 남겨줘 좋았습니다. 적재적소의 노래와 영상에 행복했습니다. 여운이 많이 남아요. ,joeu****,19.09.10
16134811,10,아버지의 깃발,아니 전쟁영화가 이렇게 깊고도 잔잔한 여운을 줄 수 있는거냐 ,free****,19.09.10
16134809,10,사자,점잼나게봤어요~^&♥ ,happ****,19.09.10
16134808,8,엑시트,보는 내내 손에서 계속 땀났음 긴장감 장난아님 근데 초반에 일 터지기 전엔 조금 지루했음 ,jcru****,19.09.10
16134806,1,엑시트,다들 알바냐? 라는 말을 처음 해본다 진심~~  윤아의 개발새발 연기력을 극찬하는 알바생들에게 속지마시라~ ,rati****,19.09.10
16134805,7,아이덴티티,끝까지 긴장을 늦추지말 것 ,phea****,19.09.10
16134804,2,유열의 음악앨범,"한줄평: 에미야 국이 싱겁다1. 스토리의 개연성이 없다.2. 응답하라처럼 레트로 한거같은데 와닿는게없다 3. 등장인물들 (식당 언니, 김고은 회사 대표) 인물들이 의미하는 바가 뭐죠..? 결론: 정해인은 잘생겼따 :) ",pia9****,19.09.10
16134803,1,오목소녀,이런영화는 순수 감독 돈으로만 들겠죠?걷기왕 보다가 졸았는데 오목소녀 보다가 한심한 뉴스를 선택했습니다 ,seun****,19.09.10
16134802,6,슈퍼배드,귀여운 미니언즈의 반란 ,phea****,19.09.10
16134801,7,코렐라인: 비밀의 문,호러틱한 동화속으로. ,phea****,19.09.10
16134800,2,유열의 음악앨범,연인끼리 볼 달달한 영화를 생각한다면 비추 ,yub1****,19.09.10
16134799,8,블라인드 멜로디,스릴도 있고 반전도 있고 저는 재미있게 잘봤습니다 ,yunm****,19.09.10
16134798,6,조 블랙의 사랑,"안소니 홉킨스의 연기는 좋았고, 브래드 피트는 정말 잘생겼다. 딱 이것 말고는 없다. 3시간이나 되는 러닝 타임을 버티게 만드는 브래드 피트의 외모는 정말이지 대단. 하지만 굳이 3시간이나 들일 필요가 있었을까 의문이 드는 건 어쩔 수 없다. ",laug****,19.09.10
16134797,8,엑시트,볼만했음 ㅋ 근데 윤아 연기 좀 연습해야겠더라..늘긴했는데 아직 좀 ; ,hoji****,19.09.10
16134796,2,엑시트,이딴 영화가 평점 9점에 관객수 920만명...? 나비효과 메멘토 인셉션이랑 평점이 비슷한거보니까 대한민국 개돼지놈들 수준을 알겠닼ㅋㅋ왈왈 멍멍 ,dbtj****,19.09.10
16134795,1,갈까부다,무려 18살이나~ 연하인 여자친구 잡으려고(결혼) 아예 못을 박아버리네 다큐멘터리는 핑계고.. 정도껏 차이나야지 ,t820****,19.09.10
16134794,9,엑시트,보는 내내 전혀 지루하지 않았다. 그럼 잘만든 영화 아닌가? ,pres****,19.09.10
16134793,6,엑시트,요즘 세상 많이 변했구나 영화가 참 ,kimg****,19.09.10
16134792,9,변신,1점 뺀건 마무리가 좀 많이 아쉬웠고 재밌게 봤습니다 오랜만억 . 곡성 보는 기분이였어요 ,whdd****,19.09.10
16134791,10,추격자,처음봤을때의 재미와 충격 ,jeue****,19.09.10
16134790,10,엑시트,변신보다 훨씬 재밋음!!! ,soow****,19.09.10
16134789,8,벌새,1994년 전에도 후에도 계속 생겨나는 수많은 은희와 영지들 ,qmff****,19.09.10
16134788,2,변신,진짜 돈날린거 같은 기분? ,soow****,19.09.10
16134787,8,스파이더맨: 파 프롬 홈,Cg가 정말 인상깊었어요 대단행~ ,jh98****,19.09.10
16134786,9,극장판 헬로카봇 : 달나라를 구해줘!,전편인 옴파로스섬의 비밀보다 전개도 빠르고 지루한 부분도 없습니다. 백악기시대보다 노래 부분이 늘어난 것 같은 느낌인인데... 특별히 기억에 남는 노래는 없네요! 그래도 아이들이 재밌게 봐서 만족스러웠습니다 ,eco_****,19.09.10
16134785,10,어벤져스: 엔드게임,역시 마블 실망시키지 않았습니당 ,jh98****,19.09.10
16134784,8,봉오동 전투,전투씬이 인상깊었습니다 ,jh98****,19.09.10
16134783,9,레미제라블,다들 좋은 영화 많이 못보고 살았나 보네 ,tpgm****,19.09.10
16134782,10,어바웃 타임,마음 따뜻해지는 영화 ,miij****,19.09.10
16134781,6,패신저스,아서한테 팔찌주고 재워달라면 끝날것을... ,soky****,19.09.10
16134780,1,암전,좌안암 1기에서 영화를 본 후 양안암 말기로 전이 되었다 ,leey****,19.09.10
16134779,10,내 이야기!!,사랑과 우정 모든게 담겨있다 따뜻한 영화 ,sorr****,19.09.10
16134778,8,엑시트,참신하긴 하나 약간의 징징거림과 조정석의 옹알거림이 좀 답답함ㅋㅋ 그냥 딱 킬링타임용 ,sin5****,19.09.10
16134777,5,그것: 두 번째 이야기,"이 영화 참 대단한 영화입니다판타지, 액션, 멜로, 드라마, 스릴러, 호러 모든 장르가 다 들어있어요살면서 이런 영화 처음 입니다 ",cust****,19.09.10
16134776,1,유열의 음악앨범,허리아프고 졸립고 배고프고 짜증나고 병원비가 더 나옴 방해될까봐 중간에 나오지도 못함 정말 시간 아까움 ,wlgy****,19.09.10
16134775,9,그것: 두 번째 이야기,169분동안 놀이기구 탄 느낌 ㄷㄷ ,dsun****,19.09.10
16134774,10,그것: 두 번째 이야기,완전 재밌음 지루하지도 않고 공포영화답게 공포감 최고오 ,vjaz****,19.09.10
16134773,10,그것: 두 번째 이야기,분위기부터가 장난이 아님... 스토리도 탄탄하고 재밌더라 ,pray****,19.09.10
16134772,10,틴 스피릿,가볍게 볼수 있는 오디션 소재 성장영화~ 엘르 패닝 생각보다 노래 잘해서 깜놀! ,daeh****,19.09.10
16134771,9,그것: 두 번째 이야기,3편도 나올까요?ㅋㅋㅋ너무 인상 깊게 봤어요 ,enem****,19.09.10
16134770,8,기생충,좋아요 ~좋아요 ~좋아요 ~좋아요 ~좋아요 ~좋아요 ~좋아요 ~좋아요 ~좋아요 ~ ,alzl****,19.09.10
16134769,8,그것: 두 번째 이야기,와 그것1이 벌써 2년이나 지났어 ,pdqb****,19.09.10
16134768,8,그것: 두 번째 이야기,내가 기다리던 그런 공포영화!! ,erdf****,19.09.10
16134767,10,그것: 두 번째 이야기,전작을 뛰어넘는 녕화!! ,zzca****,19.09.10
16134766,8,그것: 두 번째 이야기,엄청난 재미와 엄청난 공포를 느끼고 왔다 ,n2wm****,19.09.10
16134765,10,그것: 두 번째 이야기,스토리도 탄탄하고 교훈도잇고 공포감지리고 잼썻어요! 무서워서 남자친구 손 꼭붙들고봣네요... ,miye****,19.09.10
16134764,9,그것: 두 번째 이야기,러닝타임내내 눈을 뗄 수 없었던 영화! ,vxl4****,19.09.10
16134763,8,창궐,평점이 별로네? 난 잼있게봤는데 ㅎㅎ ,swim****,19.09.10
16134762,9,그것: 두 번째 이야기,최근 공포영화중에 제일 재밌어요 ,xmkz****,19.09.10
16134761,9,기생충,"배우들의 연기력에 유쾌함 반, 후반 막장 전개에 불쾌함 반. ",memo****,19.09.10
16134760,10,오목소녀,영화가 짧아서 좋아요 ~ ,epic****,19.09.10
16134759,8,그것: 두 번째 이야기,아 진짜 개무서워 핵무서워 ,ur4s****,19.09.10
16134758,9,그것: 두 번째 이야기,시간이지날수록 긴장감이 고조되는데 진짜 장난 아니더라 ,dasb****,19.09.10
16134757,8,그것: 두 번째 이야기,긴 러닝타임이 한번도 지루하지 않았다 ,mepm****,19.09.10
16134756,4,그것: 두 번째 이야기,재미는 있었는데 평점 너무높다 균형을 맞춘다 ,twil****,19.09.10
16134755,7,그것: 두 번째 이야기,이어지는 내용이라 더 재밌었어요 1편에서의 떡밥 제대로 회수하네요ㅋㅋㅋ ,z4vv****,19.09.10
16134754,8,그것: 두 번째 이야기,뒷이야기가 더 흥ㅎ미진진한데요 ,now-****,19.09.10
16134753,9,그것: 두 번째 이야기,짜릿하고 무섭고ㅎㅎ 다하네ㅎㅎㅎ ,mnou****,19.09.10
16134752,8,그것: 두 번째 이야기,무서웠어요ㅋㅋ꼭보세요ㅋㅋㅋ ,ddxr****,19.09.10
16134751,9,그것: 두 번째 이야기,1부보다 더 재밌는듯!@!! ,vi4a****,19.09.10
16134750,8,그것: 두 번째 이야기,공포영화 좋아하는 분이라면 추천합니다. ,kimy****,19.09.10
16134749,8,그것: 두 번째 이야기,역시 스티븐킹...ㅎㅎㅎ 굿굿 ,uof2****,19.09.10
16134748,1,패션 오브 크라이스트,개 ㅆㄹㄱ 영화!!!! ,mira****,19.09.10
16134746,9,그것: 두 번째 이야기,2년전에 엄청 무섭게 봤는데 이건 더하네요 ㅜ ,j1xy****,19.09.10
16134747,9,유열의 음악앨범,"개연성 없고 뚝뚝 끊긴다고 하는데, 요즘 같은 짤의 시대에 젋은 세대는 오히려 반길만한 편집 아닌가. 구구절절이 설명하지도 않고 부족한 부분은 상상으로 채우면 되니까. 암튼 나는 너무 잘 봤고 빠져든 시간이었다. ",zaqm****,19.09.10
16134745,4,그것: 두 번째 이야기,공포?코믹?스릴러?판타지?홍대롯데시네마 3시간주차무료인데 몇분지나서 2천원처음으로 추가요금 냈네요ㅎ왜케 전개를 질질 끌면서 시간을 잡아 먹었을까요?ㅎㅎ암튼 보는분 마다 호불호가...ㅋㅋ암튼 전 헛 웃음이 많이 나왔네요 ,sswh****,19.09.10
16134744,10,벌새,평범하게 자라온  90년대의 은희들은 모두 다 공감하겠지  그 얼마나 혼자 되뇌였던가 내 인생도 언젠가 빛이 날까요? ,answ****,19.09.10
16134743,10,봉오동 전투,정말 감동적이다 모든 독립운동가분들 존경합니다 감사합니다 ,lk02****,19.09.10
16134742,10,비긴 어게인,스무살 되고 다시 봤는데 느낌이 참 다르다 ,seol****,19.09.10
16134740,10,47미터 2,상어 생김새가 너무 무섭다.. 웬만한 귀신만큼... 개인적으로 1편보다 더 무섭다 ㅠㅠ그리고 평점에 스포하는 댓글 많으니 피해 가세용 ,atg4****,19.09.10
16134739,1,유열의 음악앨범,도대체 무슨 개연성이있고 무슨내용인지 ㅋㅋㅋ  무슨 asmr인줄ㅋㅋㅋㅋ숨소리 침방울 터지는소리 적나라 하게 다들렸음ㅋㅋ내가 태어나서 본영화중에 제일 재미없게 본영화 ,ss12****,19.09.10
16134738,10,타짜,걍 존잼 말이 필요없음 명작은 ,nono****,19.09.10
16134737,8,극장판 헬로카봇 : 달나라를 구해줘!,영화버젼이라 그런지 더 실감나게 잘만들었네요 아이들이 무척 좋아해요~ ,jamc****,19.09.10
16134736,10,벌새,박지후 화이팅 ~!!! ,bban****,19.09.10
16134735,10,유열의 음악앨범,첫사랑이 보고싶읔영화 ,hj36****,19.09.10
16134734,5,고질라: 킹 오브 몬스터,"정신나간 아줌마가 쓸때없이 괴물을 깨웁니다. 몇몇 과학자들이 모여서, 지들끼리 인류의 운명을 의논합니다. 과학자들은 군인들에게 물어보지도 않고, 핵무기 사용을 결정합니다. 일부 과학자는 최신형 수직 이착륙기 1대를 쓰레기 버리듯이 날려버립니다. ",eyes****,19.09.10
16134731,5,분노의 질주: 홉스&쇼,가나다라마바가아라사자가 ,4u02****,19.09.10
16134730,10,분노의 질주: 홉스&쇼,분노의질주 역시 실망시키지 않은 재미있는 영화입니다...다음편도 기대할께요.. ,agap****,19.09.10
16134729,6,퍼스트맨,최초 달 착륙의 감동을 느끼기엔 너무나도 긴 호흡의 연속 ,chun****,19.09.10
16134728,4,가시,갈피를 잃은 연출과 스토리 속 오롯이 빛난 조보아의 연기 ,chun****,19.09.10
16134727,9,바스터즈: 거친 녀석들,한스 대령이라는 캐릭터로 집약된 타란티노 영화의 정수이자 정점 ,chun****,19.09.10
16134726,6,그것: 두 번째 이야기,무서워해야되는건지 웃어야되는건지 ,kim5****,19.09.10
16134725,8,오로라 공주,다시봐도 꿀작. 엄정화 탱킹 대단. ,itot****,19.09.10
16134723,10,봉오동 전투,잘 만든 영화다. 주인공들이 모두 다 살아남아서 정말 좋았다. 처절했던 과거 독립군들의 고생과 투쟁에 깊은 감사를 드립니다. ㅠㅠ 묵념... ,raku****,19.09.10
16134722,1,47미터 2,개노잼이다 ㅡㅡ 레알ㅍ퓨 ,flyh****,19.09.10
16134721,10,안녕 베일리,보고싶은데ㅠ 왜 지방에선 안 하나요? 꼭 보려고 했는데ㅠ 똑같은 영화 상영관 하나 줄이고 베일리 상영해주지.. 같은 영화를 상영관 두 곳에서 하구ㅠ 베일리 어게인 너무 잼나게 봤는데 아쉬워요ㅠ ,mh90****,19.09.10
16134720,10,변신,아무도믿지마세요.저도 믿지마세요.여기댓글 그누구도 믿지마세요. ,miss****,19.09.10
16134719,5,감기,차라리 연가시 정도 되어야 더 실감나는거 같다. ,2000****,19.09.10
16134718,1,시티 워: 익스트림 킬러,오류가 있네. 장르가 액션이라고? 코미디로 바꿔라. ,saha****,19.09.10
16134717,10,그것: 두 번째 이야기,기대하고 본 만큼 재밌었어용 ㅎ ,lyyj****,19.09.10
16134716,9,그것: 두 번째 이야기,무서웠어요~ 잘 보고왔습니다~~ ,dzl1****,19.09.10
16134715,8,그것: 두 번째 이야기,정말 깜짝깜짝 놀라면서 봤어요 ,tukx****,19.09.10
16134714,8,그것: 두 번째 이야기,공포영화가 이래야쥐~~ㅋㅋㅋ ,nows****,19.09.10
16134713,9,그것: 두 번째 이야기,다시는 혼자 공포영화 보러가지 않을테야 ,fasa****,19.09.10
16134712,7,그것: 두 번째 이야기,"다양한 이야기를 담아낸 영화, 바꿔 말하자면 공포물인지 성장물인지... ",shab****,19.09.10
16134711,2,변신,배우때문에 기대하고 갔는데 딱 거기까지였던 영화 저런장면이 왜 나오나 싶은 것들이 많았으며 둘째는 도대체 무슨 역할로 출연시킨건지.. 배우가 열심히 인공호흡 했음에도 별로였던 ,mi03****,19.09.10
16134710,8,그것: 두 번째 이야기,실눈뜨고 보게하네여ㅠㅠ 흐엉 ,fb3s****,19.09.10
16134709,2,프로디지,만들다만 쓰레기. 흥미는 있지만 감미는 없다. ,arrc****,19.09.10
16134708,10,브링 더 소울 : 더 무비,방탄은 그냥 두말하면 입이 아픔; ,rlaa****,19.09.10
16134707,8,변신,신부란 놈은 같이 자고 붙어다니자고 한게 언제인데 현주 혼자 내려보내냐ㅋㅋ그 하루를 같이 못붙어있어서 다들 따로 노내 ,njs0****,19.09.10
16134706,2,변신,나알바아니다 폐가 같은거 사놓고 마누라 좋댄다 성동일 20년간똑같은연기에 두번 웃고 둘째딸 죽이듯이 죽일꺼면 변신은 머하러 했나? 그 OOO 창고에 여자애 혼자 보내고그년은 낮에 시킨거 밤에 쳐 가지러가고하튼 감독이 엑소시스트 급하게보고 발로만든 영화 ,solo****,19.09.10
16134705,4,마이펫의 이중생활2,"부모님이랑 꿀잠 잤습니다,. ",gydu****,19.09.10
16134704,1,뺑반,"어이가 없다...,.,. ",k200****,19.09.10
16134703,8,엑시트,"적당히 킬링타임용으로 좋은 영화입니다,. ",gydu****,19.09.10
16134701,2,그것: 두 번째 이야기,이거볼빠에 애나벨본다 ,love****,19.09.10
16134700,8,그것: 두 번째 이야기,아역배우 성인배우가 잘 어울러진거같아여 ,rija****,19.09.10
16134698,2,유열의 음악앨범,억지스럽게 끼워 맞춘 우연의 반복 ,solv****,19.09.10
16134697,10,로건,원래는 봤던 영화 그렇게 자주 찾아보는편은 아닌데 ㅜㅜ 이건 진짜 명작이라 매년 한두번씩 다시 보게되네요 ,choi****,19.09.10
16134696,10,엑시트,재밌게 봤습니다. 재난영화인데 많이 무겁지도 않고 조정석님 연기 정말 좋아요~~ ,hakk****,19.09.10
16134695,7,안개 마을,이문열의 그 많은 작품 중에서 가장 흥미진진했던 단편.폐쇄적인 산골 부락의 성욕컨트롤. 신통하네.. ,pont****,19.09.10
16134694,3,엑스맨: 다크 피닉스,"반가운 얼굴들이 나와서 좋았는데... 내용 한줄로 요약하면 ""나 완전히 새됐어"" ㅠㅠ <- 스포 포함 ㅋㅋㅋ ",feel****,19.09.10
16134693,8,변신,딸 갑자기 사라짐 끝 마무리가 너무 급하게 된 느낌 ,jong****,19.09.10
16134692,8,엑스맨: 아포칼립스,다크피닉스에 비하면 진짜 무난하고 ㄱㅊ은 작품이었네...매그니토 보면 안타깝다. ,choi****,19.09.10
16134691,10,변신,영화는무서운데 옆에 혼자오신 아줌마가 더무서웠음.비닐소릴내기에보니까 계속뭘먹으면서 씹고계셨음.50분을 아드득거리기에 진심 쌀드시는줄알았음.궁금해서 힐끔거렸는데 어이없어서ㅋ웬 디오니소스마냥 손에 포도가;;쌀아니라 포도씨라는;;인간휴롬님 방해잘받고 갑니다 ,min7****,19.09.10
16134690,1,벌새,독립영화마저 무너졌다... 한국영화의ㅡ 위기! ,haen****,19.09.10
16134689,1,우리집,너무 전작에 대한 중압감이 있었나... ,haen****,19.09.10
16134688,2,안나,이게 재밋나요? 연기만 잘하는 여주 ,9403****,19.09.10
16134686,9,창수,임창정은 창수란 케릭터를 좋아하나 보군요!!! 연기력은 정말 좋았음 ,twen****,19.09.10
16134685,2,김군,광수가 누구인지 실체조차 밝히지 못한 개 쓰렉 영화 ,ausc****,19.09.10
16134683,9,그것: 두 번째 이야기,생각보다 영화가 엄청 길더라고요 근데 볼만 했어요 적당히 무섭고 내용도 괜찮고 ,wldw****,19.09.10
16134682,4,인 더 블러드,액션은 볼만... 내용은 앞뒤 안맞고 엉망 ,adiv****,19.09.10
16134680,10,세 얼간이,이런 영화에서도 삐뚤어진 인간들이 많네 프로불편러들은 어떻게 세상살지? ,05ki****,19.09.10
16134679,2,변신,아니 이런 악마나오는 영화는 한국이나 외국이나 넘 뻔하잖어 악마들도 똑같냐 어떻게 ,awrg****,19.09.10
16134678,3,암전,제목이 암전이 아니라..  암담  이라고 해야할듯.. ,adiv****,19.09.10
16134677,10,안녕 베일리,"상영관 늘려주세요.추석 명절에 보려고 하는데, 상영관 찾기가 어렵네요.1탄보고 넘넘 감동 받아서 기대됩니다. ",aldu****,19.09.10
16134676,10,벌새,"아이들을 대할 때 대등한 인격체로 대하는 것이 무엇인가에 대해 다시금 생각하게 했던 작품이었다. 1994년의 은희를 지켜보며, 나, 그리고 우리 아이들에 대해서 다시 한 번 생각해보게 되는 시간이었다. ",anse****,19.09.10
16134675,1,그것: 두 번째 이야기,그것 1도 진짜 노잼 같아보여서 안봤는데 이번에 친구가 한 번 보자길래 봤는데 ㄹㅇ 갑툭튀만 ㅈㄴ게 넣어 놓고 또 갑툭튀도 예상이 다 되니까 전혀 놀랄 게 없었음 더군다나 마지막에 페니와이즈 죽이는 건 무슨 조롱질로 죽이고 자빠졌음 ㅋㅋㅋ 최악의 영화 ,asdw****,19.09.10
16134674,6,영웅본색 3,1975년 베트남패망과 1997년으로 예고된 홍콩반환. 위기감으로 통한다. 제목은 억지로 갖다붙인거고. ,pont****,19.09.10
16134673,9,너의 이름은.,이제 둘이서 떡칠일만 남았지 ,cris****,19.09.10
16134672,10,레드슈즈,ㅠㅠ너무 보고싶은데 상영관이 너무 없어요 ㅠㅠ ,wbss****,19.09.10
16134671,1,유열의 음악앨범,과연 이들이 서로를 왜 사랑하고 왜 애절한지 1도 이해를 못하겠음. 그만큼 감정이입 1도 안됨. 개연성 1도 없음. 김고은도 매력 1도 안느껴짐. 차라리 옆에 있는 정해인이 더 이뻐보이는 기적. OST도 별로 적재적소에 녹아드는게 아니라 겉도는 느낌. ,bege****,19.09.10
16134670,1,엑시트,이제  웹하드에도 다 떴는데 상영좀 그만해라 지겹다 -_- ,char****,19.09.10
16134669,2,엑시트,이게 왜 9점이야.. 괜찮은 오락재난영화입니다.알바들 꺼져 ,mekt****,19.09.10
16134668,2,신과함께-인과 연,"역시 영화는 스토리다!그래픽은 화려함....그러나, 영화란 스토리가드라마가 가장 중요하지않나 생각합니다~아쉽 ",shin****,19.09.10
16134666,7,엑시트,부담없이 오락영화로 보기 좋음 ,jodo****,19.09.10
16134665,10,유열의 음악앨범,재미없다고하는 사람들은 이상한사람들이구요.. 이영화 꽤 재미있고 감동적입니다. ,char****,19.09.10
16134664,1,나랏말싸미,당시 조선 왕한테 주상이라 부를 수 있는 사람은 왕실 어르신들 대비 이상 급이었는데 .. ,ruki****,19.09.10
16134663,1,드래곤 기사단,1점도 아깝다. 이걸 돈 받고 파냐..  양심도 없는 업자들아 ,adiv****,19.09.10
16134662,7,봉오동 전투,평범속에 비범. 나라를 일으킨게 그저 평범한 농부였던 사람들이었다는것이 감동이었음.  나를 다시 생각해 보게 되고. 한사람 한사람이 다 특별한 존재처럼 느껴짐.응 ,teri****,19.09.10
16134661,10,김복남 살인사건의 전말,내가 제일 좋아하는 한국 스릴러물 ,coke****,19.09.10
16134660,8,그것: 두 번째 이야기,재밌게잘봤습니다.연기너무잘해요 ,da43****,19.09.10
16134659,1,그것: 두 번째 이야기,"하... 1편보단 재미있을줄 알았는데 아니었군요ㅠㅠ 정말 중간에 너무졸리고 나가고싶었어요,,, 돈아깝고 ㅠㅠ 배우들도 아깝다 ",cjst****,19.09.10
16134658,1,그것: 두 번째 이야기,최악의 영화. 배우들이 아깝다. 내 돈도.. ,robo****,19.09.10
16134657,10,변신,완벽한 b급 공포영화! ,coke****,19.09.10
16134656,1,극장판 헬로카봇 : 달나라를 구해줘!,장난감 팔려고 만든영화로 점점 가고 있네요.. 스토리도 없고 ,fun1****,19.09.10
16134655,7,사바하,전하고자 하는 것은 많았으나 ,coke****,19.09.10
16134654,1,유열의 음악앨범,난 핵노잼이었어요ㅠㅠ ,theb****,19.09.10
16134653,7,안녕 베일리,헨리가 중국사람 이었구나. 한국계 캐나다인이 아니었네요. 중국계 캐나다인. 어떤 연줄을 댓길래 이런 작품에 출연하게 되었는지 궁금하네. 영화 자체는 볼만합니다. ,krpc****,19.09.10
16134652,10,그것,소년소녀의 성장 일기. 유년 시절이 떠올라 매우 만족. ,ramj****,19.09.10
16134651,6,47미터 2,기대를 많이해서 그런가..1보다는 별로인듯 ,tnsd****,19.09.10
16134650,2,그것,애들이 주인공이라 그런가 몰입감 1도 없고 유치함 으휴 ,rong****,19.09.10
16134649,7,그것: 두 번째 이야기,"그냥 그저 그렇게 볼만 합니다. 흥미는 1편보다는 조금 나은 편이고, 할인권으로 관람해서 그나마 억울하지는 않네요. ",krpc****,19.09.10
16134648,10,안녕 베일리,베일리...!ㅠㅠㅠㅠ 넌 정말 최고야!!!너무 감동 받아서 얼마나 울었는지...마지막에 슬퍼서도 얼마나 울었는지ㅠㅠ강추영화입니다영화 안보는 저도 강추합니다 ,peti****,19.09.10
16134647,10,변신,깜짝  놀랬음 무서웡~~~ ,monk****,19.09.10
16134646,5,유열의 음악앨범,차라리 <은교><해피엔드>류의 애욕전선으로 그려냈으면 낫지 않았을까?  우연이 필연이 되어야 사랑이야기지. 그나저나 평론가들은 뭘 보고 필 받은 건지.. ㅉ ,pont****,19.09.10
16134645,1,극장판 헬로카봇 : 달나라를 구해줘!,삼류 쓰레기 에니메이션 ,scy8****,19.09.10
16134644,2,더 넌,"거의 전세계 모든 영화를 다 본 사람입니다. 기대가 많았는데, 망작입니다. ",krpc****,19.09.10
16134643,10,쉰들러 리스트,"현실과 영화속 케릭터가 쉰들러와 백프로 일치하는지는 모르겠지만 , 이영화속에서 다시한번 느끼는건 히틀러 나치독일의 무자비한 학살 . 안타까움 ",ny85****,19.09.10
16134642,10,그것: 두 번째 이야기,베댓아 그 할아버지도 똑같은 생각했을 수도 있어 ,ekan****,19.09.10
16134641,7,범블비,마이클 베이와는 다른 스타일에 감탄하면서 보다가도 이따금 불편하게 튀어나오던 개연성은 옥의 티. ,memo****,19.09.10
16134640,2,그것: 두 번째 이야기,난 평점에 속았지만 너네들은 속지마라 어리버리 털어도 되고 뒷북쳐도 되니까 그냥 보지마 1편보다 낫지만 그래도 노잼 언제 끝나지 하는데 안끝나고 이제 끝나가나보다 하는데 안끝남 그래도 캐릭터는 무서움 ,cjzl****,19.09.10
16134639,8,붉은 10월,"수중 전투씬의 고증이 부족하고 러시아 함대 및 대사가 너무 허접하게 나와 미국영화 특유의 느낌이 물씬 나지만 팽팽한 긴장감과 빠른 전개는 몰입도를 높였다 u571, 크림슨타이드와 함께 잠수함 영화의 대표작 많이 나왔으면 좋겠다 ㅠ ",yong****,19.09.10
16134638,9,엑시트,윤아 우는거 줫나 귀엽다 ㅋㅋㅋ ,wnds****,19.09.10
16134637,9,우리집,아이들의 시선으로 본 가족.  가슴이 먹먹하다. 영상미가 좋다. ,sci0****,19.09.10
16134636,8,그것: 두 번째 이야기,나한테 왜이래여ㅠㅠㅠ 하 진짜 자꾸 떠올라 ,wjdx****,19.09.10
16134635,9,그것: 두 번째 이야기,어른이 된 루저클럽고 ㅏ페니와이즈의 대립된 모습. ,gjc2****,19.09.10
16134634,8,그것: 두 번째 이야기,기대안하고갔는데 재밌엇어요 ,tdjt****,19.09.10
16134632,9,그것: 두 번째 이야기,캐스팅 보고 깜짝 놀람;;영화도 존잼이고 ,ltli****,19.09.10
16134631,8,그것: 두 번째 이야기,배우들의 연기가 훌륭했습니다 ,comp****,19.09.10
16134630,6,타워,"재난 영화를 정말 좋아하는데 이건 아니지 세심한 연출이 정말 정말 아쉽다 신파 유도나 억지 감동, 발암 주인공 감정과 힘을 뺴고 만들었으면 어땠을까 하는 아쉬움 ",yong****,19.09.10
16134629,9,그것: 두 번째 이야기,짱이에요 ㅋㅋ 개무서워 ㅋㅋㅋ ,htda****,19.09.10
16134628,9,그것: 두 번째 이야기,27년후.. 더 무서워쪗다 ,burd****,19.09.10
16134627,4,봉오동 전투,공간이동이 어떻게 이루어지는지 모르겠다. 간신히 도망처 아군을 만났는데 잘못왔다며 다시  일본군 방향으로 도망친다거나 두 주인공이 상당한 거리에 있었음에도 누군가 위험에 처하면 갑자기 나타나 위험에서 구해준다거나 이건 순간이동 수준 ,kjsu****,19.09.10
16134626,10,간첩,잘만들었네~! 벤치 클리어링 으로 풀어나갈줄은 진짜 예상 못했다!  근데  국정원직원들 너무많이  죽이는거 아님~? ,jjoo****,19.09.10
16134625,10,그것: 두 번째 이야기,나만 당할 수 없자너^^ ,stkd****,19.09.10
16134624,10,엑시트,윤아가 아는형님에서 달리기 힘들어서 울었다는 이야기가 영화 보고나니 인정할수밖에 없을정도로 진짜 엄청 계속 달리더라 기대없이봤는데 재밌다 강기영 한대만 맞아서 아쉽다 ,dras****,19.09.10
16134623,10,그것: 두 번째 이야기,재밌다 재밌다 재밌다 재밌다 ,nolg****,19.09.10
16134622,10,마녀 배달부 키키,따뜻하고편안한애니지지가 아른거린다.. ,ho_i****,19.09.10
16134621,7,엑시트,7따리가 맞다 200만 넘어도 신기한영화가 천만이 다되가넹 ㅋ ,qkrd****,19.09.10
16134620,10,틴 스피릿,기대 보다 좋았던 영화. OST가 오래 남는다. ,nice****,19.09.10
16134619,10,봉오동 전투,가족들과 끝까지 재미있게 봤습니다. 의미있는 영화인것 같아요 ,4eve****,19.09.10
16134618,6,극장판 헬로카봇 : 달나라를 구해줘!,"카봇은 더 멋있어졌는데 스토리는 더 엉성해졌네요. 지난 극장판들은 어른들이 봐도 재밌었는데 이번꺼는 좀 너무 했더라구요. 아이들이야 카봇보는재미로 그냥 보지만 이건 뭐 아이들을 위한 교훈도 없고, 아빠의 금연은 기승전결없이 갑자기 툭 튀어나오고..ㅎ ",clai****,19.09.10
16134617,1,벌새,9점까지는 아니고 딱 8점 초반이 적절하다. ,sion****,19.09.10
16134616,10,블라인드 멜로디,개연성이 부족한 부분은 있었지만 그거 다 감안할 수 있을 정도로 너무 재밌게 봤습니다. 주인공 목소리랑 피아노 멜로디 너무 좋아요. 주변 사람들에게 추천중 ~~~ ,qwei****,19.09.10
16134615,9,퍼스트맨,"애초에 소재 자체가 가장 큰 약점인 영화. 그럼에도 뛰어난 연출력을 곁들인, 한 사람의 드라마로써도 우주개발 초창기의 시대적 묘사로써도 가치가 충분했던 영화. ",memo****,19.09.10
16134614,4,마녀,보여줄게 완전히 달라진 나~~~  김치녀들 대뇌 망상 중2병 액션 ,foav****,19.09.10
16134613,10,지랄발광 17세,이런 영화는 강추 입니다 ,ahnk****,19.09.10
16134612,1,설국열차,영화가  아주 쓰레기네.  이런걸 돈주고 1000 만명 가까이 봤으니... ,golt****,19.09.10
16134611,10,엑시트,진짜 재밌게 봣어요 !!!! ,qkdg****,19.09.10
16134610,4,변신,"어설프다. 감독,작가 반성하시오. 보면서 뭔가 자꾸 의문이 듬. 왜 저 장면서 저리하지. 흐름이 어색하네. . 자연스럽게 흘러가지 못함. 연기들은 애쓰셨음 ",artn****,19.09.10
16134609,10,그것: 두 번째 이야기,너무 재미있었고 흥미로움 ,v2h1****,19.09.10
16134608,9,그것: 두 번째 이야기,재미잇게봣어용추천합니당 ,nu2c****,19.09.10
16134607,10,그것: 두 번째 이야기,개연성이 어쩌니 유치하니 이런말로 평점하지 마삼 ?그냥 영화는 영화이고 1편2편 모두 삐에로를 소재로 아주 공포스럽고 잼나게 잘 만들었음 2편이 더 잼남.세시간이 후다닥 1편보고 2편보길 추천합니다 ,appi****,19.09.10
16134606,8,그것: 두 번째 이야기,보면서 진짜 무서웠어요 ㅠ ,h0so****,19.09.10
16134605,10,봉오동 전투,사람 목이 잘리고 폭탄에 의해 다리 잘린 모습이 보였으나 어디까지나 일본군들의 조선을 향한 잔인함을 나타내고자 하지 않았을까. 역사를 잊는 민족에게 미래는 없다. 정말 잘 만든 영화 ,whdd****,19.09.10
16134604,9,그것: 두 번째 이야기,1편에서는 아역들이 2편에서는 대배우들이ㅋㅋㅋ 이건 무조건 봐야 됨 ,flaw****,19.09.10
16134603,9,그것: 두 번째 이야기,분위기부터가 장난 아님 ㅜㅜ ,rkiv****,19.09.10
16134602,8,그것: 두 번째 이야기,만족스러운 공포영화!! ,zdte****,19.09.10
16134601,1,그것: 두 번째 이야기,평점 알바 너무하네 과대광고가 이런거임 전편보다 훨씬 안무섭고 미스페레그린 판타지영화보는 느낌임 공포영화가아니라 1을 가져와서 어른들 배우로 관람객 더끌어보겟다는 어그로만 섞인영화... 전편재밌게봐서 그냥 그런가보다 했는데 평점알바때문에 남깁니다 ,shn0****,19.09.10
16134600,8,그것: 두 번째 이야기,진짜 쉴틈이 없는 영화… ,kimy****,19.09.10
16134599,1,그것: 두 번째 이야기,여자친구가 무서운 거 좋아해서 잘 못 보는데 따라봤다.근데 이거는 나도 보겠더라.러닝타임은 왜 그렇게 긴지 지루해 죽는줄 ㅡㅡㅋ ,kall****,19.09.10
16134598,9,그것: 두 번째 이야기,공포의 실체ㄷㄷㄷ 끔찍하다아... ,ckgp****,19.09.10
16134597,10,그것: 두 번째 이야기,전편에 비해 업그레이드 된 영화.. 속편까지 굿 ,t3ly****,19.09.10
16134596,10,그것: 두 번째 이야기,넘 재밋어요 ㅋㅋㅋ 역시 기대한 보람이 있습니다!! ,n433****,19.09.10
16134595,9,그것: 두 번째 이야기,근래 봤던 공포영화 중 가장 볼만했고 무서웠다 ,myui****,19.09.10
16134594,8,그것: 두 번째 이야기,이번에 굉장히 스토리도 신선했어요 ,gth1****,19.09.10
16134593,1,연가시,쓰레기란 표현도 과분한 영화 ,unik****,19.09.10
16134592,10,클레멘타인,"이 영화 안 본 눈 사요, 가능하다면 꼭 두번 보고 싶은 영화 ",thec****,19.09.10
16134590,10,만추,여운이 깊은 영화. 내 인생 영화중 하나 ,skyv****,19.09.10
16134589,1,그것: 두 번째 이야기,제 인생 재미없는영화 TOP 3에 추가 됐네요 ,cdh1****,19.09.10
16134588,10,키다리 아저씨,배우 현빈 우정출연이라니 현빈 때문에 10점 주고 싶었음 ,effe****,19.09.10
16134587,1,기방도령,준호랑 정소민이 솔까말 미남미녀는 아닌데 자꾸 미남미녀라고 주입시키는 영화 ,jmk3****,19.09.10
16134586,1,극장판 헬로카봇 : 달나라를 구해줘!,헬조선 영화는 보면 안된다 ,ferb****,19.09.10
16134585,1,유열의 음악앨범,"저 밑에 기자나 평론가란 놈들이 7점 8점 주는걸보니 썩을대로 썩었구나...진심 영화관에서 본 영화 중 가장 재미없었음...개연성 1도 없고, 재미도 감동도 없음.. ",ysut****,19.09.10
16134584,2,극장판 헬로카봇 : 달나라를 구해줘!,담배피우는 장면은 왜나오고.. 악당라인들은 나오지도 않고.... 토끼랑 차탄이랑 노는거만 보다가 끝난듯 ,only****,19.09.10
16134582,10,극한직업,아니.. 재미없다고 댓글다는 애들이 알바가 아닐까 의심된다; 아니면 공감능력이 떨어지는애들이 아닐까 생각됨. ,iesi****,19.09.10
16134581,1,극장판 헬로카봇 : 달나라를 구해줘!,"카봇 볼때마다 기대안하고 아이들때문에라도 가는데,뽀로로 영화나 다른 어린이영화들과 퀄리티 너무 비교됨. ost 그냥 만든 느낌. 내용은 정말 개연성 없고 억지로 짜맞춘 기분. 갑분 금연송 , 아모르파티 실소만 하다 나옴 ",vita****,19.09.10
16134580,8,그것: 두 번째 이야기,할머니 순간 지나가는 거 밖에 기억 안 남 ,swea****,19.09.10
16134578,5,봉오동 전투,만약 한국배우가 일본을 조금이라도 옹호하는 영화에 출연 한다면 그 한국배우는 매장 당할거라고 생각한다. 하지만 일본 배우는 그렇지 않은것 같다. 자유롭게 자신이 옳다고 생각하는것을 표현하고 참여하는 것은 과거를 떠나 현재 배워야 할 점이라 생각한다. ,hous****,19.09.10
16134579,7,그것: 두 번째 이야기,"영화에서 나오는 주옥같은 대사처럼 ""결말이 별로""긴 하네요^^; 뭐 원작을 모방한 리메이크작이다 보니 그 자체를 바꿀 수 없긴하곘지만 배우진과 구성이 비해 다소 아쉬웠어요- ",shwc****,19.09.10
16134576,4,유열의 음악앨범,시대가 너무 자주바뀌고 무슨뜻을 이야기하는지 모르겠네요 그냥 응답하라 시리즈를 보는게 더 좋을것같아요 남주는 맨날 잘못하고 도망갔다가 다시만나고 ,haha****,19.09.10
16134574,10,어바웃 타임,또다시 개봉해도 다시 볼 영화 ,kimi****,19.09.10
16134573,10,광대들: 풍문조작단,정말 재밌게 잘보았고 배우들의 대사하나하나가 재밋습니다.그리고 역도들이 당하는모습을 보니까 뭔가통쾌한 느낌이 들엇습니다.정말 한번더보고싶다는생각이드네요 ,qnrc****,19.09.10
16134572,1,유열의 음악앨범,영화끝날때까지 이 둘이 사랑을하고있다는 것이 전혀안느껴졌다 그냥 사랑하는 연기를하는게 느껴졌다 ,rpta****,19.09.10
16134570,2,그것,이게 평점 7점 이상이라는게 이상하네요? 네이버 영화 평점은 믿을게 못되나봐요공포영화라고 생각하고 보시면 실망감이 큽니다.이 영화는 미국판 반올림 같아요...다 보고 나면... 참.... 이게 ....뭐지 라는 생각드는 영화입니다. ,chmc****,19.09.10
16134569,10,유열의 음악앨범,ㅠㅠㅠ너무 좋았어요 복귀날 봤는데 ,dong****,19.09.10
16134568,1,폐교,불면증 있는 분 이영화 추천해여~~ ,tjdt****,19.09.10
16134567,6,허브,여기서 울어라 애원하는듯한 억지 슬픔 ,taer****,19.09.10
16134566,10,존 윅 3: 파라벨룸,마라톤같은 액션의 연속 ,no1b****,19.09.10
16134565,10,유열의 음악앨범,저는 월요일 아침 조조로 영화봤는데 힐링되더라구요. 옛날 노래도 너무 좋고 주인공들의 잔잔하게 흘러가는 로맨스도 너무 좋았어요. ,rain****,19.09.10
16134564,1,그것: 두 번째 이야기,유치하고 개연성없고 너무 심하게 지루하다... 중간에 나오고 싶었다. 진심 시간아깝다. 중간중간 나오는 패드립은 왜 있는건지 재미도 없고 불편하기만 하다. ,rhdw****,19.09.10
16134563,10,분노의 질주: 홉스&쇼,너무재밌다 추천합니다 ,no1b****,19.09.10
16134562,5,변신,깜짝 놀라게 하는 장면만 있고 전체적으로 무섭진않음 ,idtr****,19.09.10
16134561,10,알리타: 배틀 엔젤,가끔씩 이 영화 세계관에 빠져서 빨리 끝나지 않았으면 좋겟다고 생각한 영화가 몇개 있었는데 (극찬하는거임) 이 영화가 그랬음.마치 이 세계관에 들어간느낌 ,unam****,19.09.10
16134560,10,콘스탄틴,2편은 다신못보겠지ㅠ ,taz4****,19.09.10
16134559,9,그것: 두 번째 이야기,무섭게 재밌네 이 영화 ㅋㅋㅋ ,gcvf****,19.09.10
16134557,10,그것: 두 번째 이야기,2년전에 엄청 무섭게 봤는데 이건 더하네요 ㅜ ,rtc9****,19.09.10
16134556,8,그것: 두 번째 이야기,캐스팅이 미쳤는데?ㅋㅋㅋ ,ban_****,19.09.10
16134555,8,그것: 두 번째 이야기,긴장하면서 볼 수 밖에 없어ㅠㅜㅜ ,say-****,19.09.10
16134554,6,그것: 두 번째 이야기,1편이 더 재밌었어요. 무서운건 2편.. ,asdf****,19.09.10
16134553,10,에로틱 타잔,뭐여 야동도 영화로 쳐줌?? 명작이긴함 ㅋㅋ ,skya****,19.09.10
16134552,8,그것: 두 번째 이야기,"공포영화 잘 못보는 편인데도 내용이 흥미로워서 끝까지 봤네요, 근데 오늘 잠자긴 글렀어요 ㅋㅋ ",ty4f****,19.09.10
16134551,9,그것: 두 번째 이야기,연기도 좋고 시간가는줄 몰랐습니다 무서운데 눈을 뗄 수가 없어요 ,bic4****,19.09.10
16134550,6,분노의 질주: 홉스&쇼,시리즈에서 보여주었던 신선한 액션이 없었다. 미국식 개그코드는 대중적이진 않게느껴졌을 것 ,sss8****,19.09.10
16134549,8,그것: 두 번째 이야기,1편 보다 더 재밋게 봤네요~~ ,hx54****,19.09.10
16134548,2,그것: 두 번째 이야기,진짜 재미없다.... 뛰쳐나가고 싶음 ,79lj****,19.09.10
16134547,2,애인,"결혼 앞두고, 낮선 사람과 자는게 난잡해서 거부감 든다.내로남불이니 당사자들은 애틋하겠지. 시간 많을때 틀어놓고, 가볍게 볼수있는 영화 ",anni****,19.09.10
16134546,10,엑시트,이거보고 손이랑 발이 보들보들해짐 하도 땀을 흘려서..내손에서 이렇게 땀이많이나올수 있었는지 알려준영화임 ,wndu****,19.09.10
16134545,10,그것: 두 번째 이야기,기대 안하고 봤는데 손에 땀흘리면서 봤어요. 긴장감 100점. ,hjin****,19.09.10
16134544,7,그것: 두 번째 이야기,너무 설명이 긴영화.. 무섭긴 졸라 무서운데.. 3시간이 지루하면서도 무서운 영화였다 .. ,tlsg****,19.09.10
16134543,10,변신,이 영화는 어떠한 공포영화보다도 가족 영화보다도 대단한 영화예요. 영화를 보는 동안  빨려들어가듯 정말 집중하면서 보게되는 영화입니다.  왠만해서는 영화 추천 안하지만 이영화 만큼은 천번 만번 추천합니다!!!! ,syb0****,19.09.10
16134542,10,봉오동 전투,모든   대한민국인들이  봐야할영화네요집에서초등애들데리고 다시봤네요조상들이 지킨 나라를 후손들도 잘 이어나가야될텐데?? ,rlaw****,19.09.10
16134541,10,47미터 2,"이거 진짜 재밌습니다. 1도 재밌게 봤고, 사람들이 잘 모르는 상어물의  훌륭한 띵작임. ",drag****,19.09.10
16134540,1,유열의 음악앨범,"진짜 영화보고 평점원래 잘 안쓰는데 여기 리뷰다 거짓말임,,,, 리얼 스토리 개연성도 없고 배우들 연기는 좋았으나 이해못할 장면이 대부분임.. 심야로 봤는데 재미없어서 자기 딱 좋았음 왜음악앨범인지도 노이해 영화OST도 좋을 줄 기대했는데  아님... ",cncn****,19.09.10
16134539,7,엑스맨: 다크 피닉스,초중반까지 느리고 늘어지지만 기차 전투장면은 볼만한 ,fait****,19.09.10
16134538,4,유열의 음악앨범,개인적으로는 돈낭비같앗네요 ,zise****,19.09.10
16134537,1,유열의 음악앨범,뚝뚝 끊기는 스토리와 장면 전환... 영화인지 클립 영상인지 모르겠어요. 너무 재미없어요. 아날로그한 감성이 아니라 아날로그한 지루함을 선사해 주셨네요.... ,chor****,19.09.10
16134536,10,파수꾼,배키만 없었어도 두사람의 인생이 작살나진 않았음. 곁에 있으면 제일 안좋은 친구 = 배키 . 고작 본인이 좋아하는 여자애가 기태 좋아한다고  친구의 제일 아픈부분이고 약점인 부모님이야기를 낄낄거리며 해대지 ㅋㅋㅋㅋ ,ahsc****,19.09.10
16134535,7,47미터 2,이 여름 생각보다 볼만한 영화 였습니다. ,hiuh****,19.09.10
16134534,8,해피 데스데이 2 유,저는 2편만 봤는데 ㅎㅎㅎ 1편 스포당했네요....;;ㅋㅋ ,vz44****,19.09.10
16134533,10,그것: 두 번째 이야기,....대박!! 눈깜짝하니까 끝났네요. 3시간 순삭 ,gky9****,19.09.10
16134532,6,그것: 두 번째 이야기,"평점이 8점대의 영화는 아닌듯. 영화는 전체적으로 나쁘진않았지만, 주인공들 하나하나 에피소드를 다 보여주는 장면들은 너무 지루했음공포영화에서 개연성을 따지면 한도끝도 없지만 캐릭터들간의 감정,내용등의 디테일을 집중해서 크게따질건 없음. 볼만은함. ",kkke****,19.09.10
16134531,10,변신,장영남 배우분 식탁 장면 너무 무서웠어요ㅠㅡㅠ ,tmda****,19.09.10
16134530,8,그것: 두 번째 이야기,이거왜봅니까나만보게아무도보지마세요 ,lolc****,19.09.10
16134529,9,극한직업,웃기고 재미있지만 천만영화까지는... 재미있으면된거재ㅋㅋ ,az80****,19.09.10
16134528,5,러브리스,현실적인 평범함에서 특별함을 찾기 ,glts****,19.09.10
16134527,6,변신,지하실 간 딸 안찾는게 제일 신기하네.. . ,free****,19.09.10
16134526,2,엑시트,한국영화의 유독가스에 미쳐버린 천만의관객들과 영화판 ,chi1****,19.09.10
16134525,10,간첩,나는 진짜재밌게 봤다. 염정아김명민 유해진 그리고 정겨운까지 꿀연기~ ,hans****,19.09.10
16134524,10,광대들: 풍문조작단,재밌어요! 보고왔는데 킬링타임으로 좋습니다! ,whdb****,19.09.10
16134523,9,그것: 두 번째 이야기,제임스 맥어보이를 좋아해서 좋은 캐스팅이였다고 생각했는데 영화보면서 다른 캐릭터들도 이미지가 어쩜 그렇게 찰떡같은지 신기햇움 ,misa****,19.09.10
16134522,10,그것: 두 번째 이야기,무서운영화엄청 좋아하는데 3시간이 한시간처럼 지나갔습니다. ,yhr9****,19.09.10
16134521,8,로건,로라! 정말 한마리 어린 맹수같아요 ,baeb****,19.09.10
16134520,1,그것: 두 번째 이야기,OO 1개도 아깝다. 공포야? 코미디야? 멜로야? 알수없는 ㅈ같은 영화 ,dldu****,19.09.10
16134519,10,그것: 두 번째 이야기,진짜최고 한번더볼꺼에요 ,shjh****,19.09.10
16134518,10,분노의 질주: 홉스&쇼,믿보 분노의 질주 시리즈가 계속 나오는데 계속 재밌엉 ㅠ ,dkee****,19.09.10
16134517,6,변신,끝으로 갈수록 급전개라 아쉬웠습니다 한국식 공포영화의 틀 안에서만 진행된 것도 아쉬웠고요심야에 봤는데 무섭지가 않았어요 여자 꺅소리랑 브금이 다하더라고요 ,seho****,19.09.10
16134516,1,그것: 두 번째 이야기,결말이좀...허무하고 어이가없달까.. ,leeu****,19.09.10
16134514,2,유열의 음악앨범,겁나 재미없음 개뻥 개구라 잘생기면 사랑이다 ,hero****,19.09.10
16134513,10,극장판 헬로카봇 : 달나라를 구해줘!,살짝 실망한 감이 있습니다. 스토리면에서 ,gblk****,19.09.10
16134512,1,건달티처,영화가 중학교 수행평가 수준 ,whss****,19.09.10
16134511,10,스파이더맨: 파 프롬 홈,언제나 믿고보는 마블 짱 ,gblk****,19.09.10
16134509,10,마담 프루스트의 비밀정원,"영화의 소리, 색감, 내용과 의미 모든게 완벽한 영화 ㅠㅠㅠㅠ 이보다 완벽한 영화는 있을 수가 없다. ",glor****,19.09.10
16134508,2,그것: 두 번째 이야기,무섭지가않아요 어쩜 이런 ,sksm****,19.09.10
16134506,10,26년,게이버 평점이 6.38? 호평비율 59%? 웃기지도 않네 ,kmj7****,19.09.10
16134505,10,안녕 베일리,"오랜만에 보는 잔잔한 감동이있는 마음따뜻한 영화네요~♡♡♡ 헨리와 캐서린의 연기도 참 좋았어요, 추석연휴 가족과함께 보시는걸 강추합니다 ",dad1****,19.09.10
16134503,1,봉오동 전투,취지는 좋은데 아동의 살해나 죽는장면은 간접적으로 표현하는게 보통인데 아주 대놓고 시작하는거부터 거부감이 들더이다심의를 누가했는지 모르겠네 이게 15세라니...거기에 아무리 영화라지만 말보다 빨리달리는 사람이라니 뭔 축지법인지?ㅋㅋ ,dod_****,19.09.10
16134501,1,목격자,넷플릭스로 보고있는데 개빡쳐서 왔다 ,tyro****,19.09.10
16134500,8,헬로우 고스트,그래 신파를 하려면 이정도는 해야 신파지 ,pola****,19.09.10
16134499,6,엑시트,우리 아파트 옥상문도 잠겨 있는데 ,bbq2****,19.09.10
16134498,10,유열의 음악앨범,자극적이지도 않고 반전도 없습니다. 하지만 나에게 좋은 기운을 주는 영화였어요. 따뜻한 영화입니다. ,st2c****,19.09.10
16134497,10,장례식의 멤버,너무나도 매력적인 이주승 ,grac****,19.09.10
16134495,2,사자,아론vs검은사자에이스 ,the4****,19.09.10
16134496,9,봉오동 전투,이런국뽕은 머..좋았다.유혜진 다시봐씀..여자인지라 잔인한장면은 삼분의일은눈감고봤지만다시보고싶다. ,uvaj****,19.09.10
16134493,10,클레멘타인,보지는 않았으나 10점을 주고 싶습니다 ,kosk****,19.09.10
16134492,10,평범한 날들,마지막 에피소드만 봤습니다 ,grac****,19.09.10
16134491,10,트랜스포머: 최후의 기사,평점조정중 6점대는 아닌듯 ,ephr****,19.09.10
16134490,9,커뮤터,박평식아 니가 영화 만들어봐 ,rate****,19.09.10
16134488,10,대결,이주승 배우의 팬이라서 본 영화! 킬링타임용으로 딱 좋았다 ,grac****,19.09.10
16134487,5,그것: 두 번째 이야기,그냥 그래요ㅠㅠ무서움 ,qktl****,19.09.10
16134486,8,빅쇼트,금융지능이 낮아 영화내용이 어려웠지만 금융위기 당시 세기말같은 분위기를 실감할 수 있어서 좋았고 인간의 탐욕적인 모습에 소름돋았다 ,qnfd****,19.09.10
16134485,9,싱글라이더,"잔잔한 가족물인줄 알았는데, 식스센스였어 ",pass****,19.09.10
16134484,9,그것: 두 번째 이야기,ㅋㅋㅋ 2편만을 기다렷디내가 ,ilec****,19.09.10
16134483,9,그것: 두 번째 이야기,이렇게재밌고무서운영화라니 ,tybw****,19.09.10
16134482,8,그것: 두 번째 이야기,짱재밌음 ㅋ 꼭 봐야함 이건 ㅋㅋ ,alth****,19.09.10
16134481,9,그것: 두 번째 이야기,가벼운 공포영화가 절대 아니다 ,wmtc****,19.09.10
16134480,10,그것: 두 번째 이야기,짜릿해.. 공포영화는 이래야지 ,zuv2****,19.09.10
16134479,9,그것: 두 번째 이야기,무섭지만 매력넘치는 페니와이즈 ㅋㅋㅋㅋ ,luki****,19.09.10
16134478,9,그것: 두 번째 이야기,매력적인 스토리와 처음부터 끝까지 주는 공포감이 최고 ,canv****,19.09.10
16134477,7,그것: 두 번째 이야기,오늘 잠은 어케 잘지가 문제다 ,jlmo****,19.09.10
16134476,9,그것: 두 번째 이야기,기대이상으로 재밌었던 공포영화 ,broa****,19.09.10
16134475,10,유열의 음악앨범,뜨거운 사랑도 해보고 인생을 좀 살아본.. 어른들이라면 가슴 저릿저릿하게 다가오는 영화입니다. 지금 공감 못하는 관객들도 세월이 흐른 뒤에 슬며시 그게 뭐였더라 하고 다시 찾아볼 수도 있는 그런 영화.. 진짜 제대로 훌륭한 멜로 작품이 나왔네요 ,kimi****,19.09.10
16134474,8,그것: 두 번째 이야기,아 진짜 개무서워 핵무서워 ,igvl****,19.09.10
16134473,9,그것: 두 번째 이야기,없던 광대공포증이 생기고 말았다 ,w2cn****,19.09.10
16134472,9,그것: 두 번째 이야기,지루할틈이 없습니다. 진짜 무섭네요 ,zgmj****,19.09.10
16134471,8,그것: 두 번째 이야기,1편은 대충 스토리만 보고 갔는데 충분히 이해할수있었어요 ,fftf****,19.09.10
16134470,10,엑시트,뻔한데 재밌다...ㅋㅋㅋ 진짜 잘 만든 작품. 역시 믿고보는 조정석! 임윤아도 최고 ,tigr****,19.09.10
16134469,2,콘스탄틴,오래전 관람하고 재관람하였으나 개봉 시기를 감안하더라도 엉성하기 짝이없으며 전혀 집중할수 없는 난해한 스토리 ,star****,19.09.10
16134467,8,변신,무섭게 잘 봤습니다~  연기력도 좋네요! ,wjdg****,19.09.10
16134466,8,엑시트,진지함사이에 나온 위트와 한국정서를 반영한 센스들 셈세한 연출력과 연기가 굿 너무 재밌게봤네요 ,lmo8****,19.09.10
16134465,8,엑시트,오락영화로 가볍게 보기 좋음 ,real****,19.09.10
16134464,1,"이,기적인 남자",감독이 동성애자야?? 뭐 이딴 영화를 만들었지?? 뇌가 없어?? 돈이 썩어나?? 대체 뭔 생각으로 이딴 영화를 만든거야?? 누가 이기적인데?? 감독 너 ㅂ ㅅ 이니?? ,best****,19.09.10
16134463,4,화이트 라이언 찰리,와 진짜 딸래미 미친년임 지혼자 사자이뻐하믄됐지 오빠까지 우리에 델고들어가고 집마당에 맹수 다풀어놓고 가족들 뒤지던말던 ㅋㅋ아빠는 마취총쏴서 아프리카 초원에 버리고가고 개싸이코년이네 트로피사냥은 분명잘못된거지만 저 딸래미는 패륜아임 보는내내불편했음 ,dbwj****,19.09.10
16134462,10,극장판 헬로카봇 : 달나라를 구해줘!,전 보다가 졸고 뜬근없다고 생각도 많이 했지만..애들이 좋아하고 좋았었다고 또보고 싶다고 하니 만족합니다 ,kki0****,19.09.10
16134461,4,나를 차버린 스파이,별로입니다. 그냥그래요 ,plaz****,19.09.10
16134460,10,그녀,하드가 꽉차서 정리하면서도 지우지 못하는 영화.  시간이 지나서 잊으려하면서도 잊혀지지 않는 그 사람 처럼 ,gree****,19.09.10
16134459,10,김복동,여성인권운동가 김복동 ,daeh****,19.09.10
16134458,6,안나,여자존윅을 바랬지만 아니였다 ,best****,19.09.10
16134457,6,우리집,아이들을 보고나서인지 첫장면부터 감독의 자기복제가 느껴졌다. 역시 전작을 뛰어넘진 못하군요.. ,zzan****,19.09.10
16134455,10,인터스텔라,"말이 필요없는 최고의 영화. 놀란 감독이 천재임을 다시금 확인시켜줌. 각본, 연출, 연기까지.. 모든게 완벽하네요.. 소름... 눈물... ",smeg****,19.09.10
16134454,10,글래디에이터,주인공 이름 ㅈㅁ간지나네 작명 센스 뭐야 ,russ****,19.09.10
16134453,2,벌새,글쎄..난 영..그냥저냥 나쁘진읺았네요 ,leem****,19.09.10
16134452,10,도리화가,성냥팔이 소녀의 재림을 뛰어 넘는 걸작... ,nasu****,19.09.10
16134451,7,겟 아웃,끝에는 속이 시원하네ㅋ ,dure****,19.09.10
16134450,10,암수살인,김윤석/주지훈/시나리오/몰입감 ,twij****,19.09.10
16134449,10,대립군,평이 워낙 안 좋아서 기대 안하고 봤는데 정말 재밌는 영화네 다소 역사적 사실과 다르다고 해도 이정도면 수작이네 ,aete****,19.09.10
16134448,9,엑시트,가볍게 재밋게 봤습니다 적당한 긴장감도 좋았습니다~ ,jjan****,19.09.10
16134446,10,봉오동 전투,대한독립만세만세만세 ,may5****,19.09.10
16134445,10,우상,제원이 형 이 영화 꼭보세요 ㅋ ,sonh****,19.09.10
16134444,9,엑시트,클라이밍 배우고싶다.. ,9212****,19.09.10
16134443,10,엑시트,재미 있었어요 진짜 주먹 쥐고 봤네요;; ,hoya****,19.09.10
16134441,10,봉오동 전투,정말 내가 지금 대한민국땅에 서있기까지에모든 독립운동가의 피와 땀과 노력이 새삼 느껴졌던 가슴뜨거운영화..ㅠ다시 봐도 또 가슴뛸것같아요 ,qq29****,19.09.10
16134440,8,봉오동 전투,진짜 재미있게 봤다. 루즈하지도 않고...이거 잘만들었는데 초반에 악플은 뭐였지? 유명한 일본 배우 두분이 악역을 맡아주셨는데 그 분들께도 감사드립니다. ,uncl****,19.09.10
16134439,8,분노의 질주: 홉스&쇼,스릴넘치고 너무 재미있어요 ,jble****,19.09.10
16134438,10,그것: 두 번째 이야기,와 ....레알 3시간이 그냥 지나갔네 ㅜ ,mira****,19.09.10
16134437,10,47미터 2,재밌었습니다누누오오고 ,zldd****,19.09.10
16134435,4,"그 시절, 우리가 좋아했던 소녀",뭘 표현하고 싶은지는 알겠는데 너무 번잡하다. ,kimj****,19.09.10
16134434,10,신비한 동물들과 그린델왈드의 범죄,보면 볼 수록 알면 알 수록 점점 더 재밌어집니다 ,deu0****,19.09.10
16134433,8,그녀,"나에게도 사만다가 있었더라면. 호아킨 피닉스의 연기도 훌륭했지만, 목소리만으로도 매료시키고 온기를 느끼게 하는 스칼렛 요한슨의 연기도 훌륭했다. 비정상적인 관계를 정상적인 관계로 보이게 만드는 감독의 연출도 무척 대단했고. ",laug****,19.09.10
16134432,8,안나,기대 이상입니다~ 꼭 보세요^^ ,asag****,19.09.10
16134431,10,대호,조선시대때부터 호랑이를 포획하면 포상금이나왓엇죠 그때부터 호랑이를 잡기시작햇습니다 조선말기가 되엇을땐 호랑이개체수가 어마어마하게 많이 줄엇다 하더군요 그리고 일제시대때 무기의질이발달함에따라 대대적인 포획으로인해 호랑이는 씨가말라버리게 됩니다. ,kms0****,19.09.10
16134429,10,그것: 두 번째 이야기,비늘치노캬노타히피킵ㅋ ,prim****,19.09.10
16134428,10,살인의 추억,2003년 한국 영화 르네상스 ,kosu****,19.09.10
16134427,6,드라이브 앵그리 3D,케서방의 매력과 엠버허드의 미모로도 살리기 어려웠던 망작 ,mags****,19.09.10
16134426,4,트윈 픽스 시즌1,"19.07.12 평점 6 시즌 1 정주행 했는데 뭐가 매력적인지 아직 모르겠다 , 19.09.10 평점 4 시즌 2 중반 보면서 왜 내가 이걸 보고 잇나라는 생각이 들정도임. 호불호 갈린다는 말도 없는데 내게는 노잼 ",pass****,19.09.10
16134425,8,극장판 헬로카봇 : 달나라를 구해줘!,아빠가 담배피는 모습에 담배가 직접적으로 나온것도 아니고 탄이가 발견하는 순간 바로 꺼버리며 금연송 나오는게 그닥 나빠보이진 않던데요 전 ㅎㅎ 이번에 극장에서 만화보여주는 건 처음이었는데 집중 잘하고 재밌게 봐줘서 만족했어요^^ ,ss64****,19.09.10
16134424,8,초능력자,진짜 괜찮은 영화인데. 이렇게 묻힐 영화가 아닌데. ,yuls****,19.09.10
16134423,10,업그레이드,베놈이 착해진거같은 느낌 ,kkjj****,19.09.10
16134422,8,변신,기대 안했는데 이런 장르치고 괜찮았음 ,gust****,19.09.10
16134420,1,벌새,꿈보다 해몽 발전없는 한국 독립영화 ,peac****,19.09.10
16134419,10,벌새,한국영화에 가지고 있던 편견을 깬 최고의 작품 ,mhy8****,19.09.10
16134418,1,유열의 음악앨범,라디오주파수를 못맞춘 영화찌지직찌직 채널이 너무많아 이해를 못함 ,zlzy****,19.09.10
16134417,1,그것: 두 번째 이야기,조금무서운로맨스영화 ,poll****,19.09.10
16134416,2,일라이,ㅋㅋ김종철 최고다 센스 ,aasd****,19.09.10
16134415,10,지랄발광 17세,I'm safe. OK. ,anti****,19.09.10
16134414,8,어바웃 타임,맥아담스 저렇게 웃는여자 찾아요... ,saja****,19.09.10
16134413,7,토르: 라그나로크,토르 시리즈중 가장 완성도가 높고 재밌다 ,kcc3****,19.09.10
16134412,8,이타미 준의 바다,"초반에는 감정과잉이라는 평이 맞구나 싶게 간지러운 부분이 있었으나, 온기를 중시하는 이타미준의 다큐라면 안도타다오의 호방함 속도감과 달라야 한다는 것에 동의하게 된다. 이타미준을 잘 보여준 영화라 생각된다. ",psyf****,19.09.10
16134411,10,엑시트,웃기고 재미있는 영화다... ,hhk5****,19.09.10
16134410,1,유열의 음악앨범,이거 볼 바에 집에서 미드 체르노빌보세여 그게 훨신 돈안들고 시간절약하고 유익함 ,blac****,19.09.10
16134407,9,유랑지구,"영상미, 소재의 참신함, 배우연기, SF적 세계관 모두 마음에 들었고 언젠가 또 한번 더 보고싶다는 생각이 든다. 하지만 주인공들의 초반 중2병스러운 고집불통인 모습에 짜증났던건 어쩔 수가 없는 것 같다. 초반 주인공들만 좀 성숙하게 그려냈다면 10점 ",char****,19.09.10
16134406,10,가버나움,최고영화...아이들을위한 세상이왔으면좋겠습니다 ,ja85****,19.09.10
16134405,10,변신, 재밋게봣음. 내용도 기존 공포완 다르게 다가와 더 공포심을 유발하고.. ,fago****,19.09.10
16134404,8,효자동 이발사,좀 영화 쳐볼때는 정치색을 버릴순 없나? ,na28****,19.09.10
16134403,7,동키 킹,각 캐릭터의 직업과 특징을 잘 살린 교육적인 영화네요 ,dude****,19.09.10
16134402,8,폴리스 아카데미,blue oyster ^^b ,zeal****,19.09.10
16134401,10,사자,배우분들 연기는 진짜 최고임 너무 잘봤어요 ,q960****,19.09.10
16134399,10,봉오동 전투,진짜 꼭 봐야되는영화 ! ,q960****,19.09.10
16134398,1,비스트,"녹음도 후져서, 목소리 들리지도 않고, 배우들 발음도 불분명.  영화 줄거리는 개판 ",anyg****,19.09.10
16134397,9,해바라기,펀치는 이 형님이 최고안될듯 있을 법 해서 더 좋았다 ,saja****,19.09.10
16134396,10,변신,무서워서 눈감고봤어요ㅡ.ㅡ ,inja****,19.09.10
16134395,1,그것: 두 번째 이야기,알바  그만   정직한 평점 하세요 ,polo****,19.09.10
16134394,10,에이 아이,감동적이고 눈물이 나네요 ,jfk7****,19.09.10
16134393,2,엑시트,관객수준이 진짜 이정도였단 말인가? 극한직업수준의 유치함과 억지웃음 유발에 할말을 잃었다..진짜 진지하게 물어본다...이게 진심으로 재밌다고?아님 주위에서 재밌다니까 혼자 이상한사람 되기싫어서 재밌는척하는거냐? 하...우리나라 군중심리란...한심하다 ,wdlk****,19.09.10
16134392,4,극장판 헬로카봇 : 달나라를 구해줘!,전편대비 스토리가 없넹 ,7306****,19.09.10
16134391,10,유열의 음악앨범,"오랜만에 자극적이지 않고 마음이 몽글몽글해지는 영화를 만났네요! 개연성이 다소 부족하다는 평도 있지만, 몰입을 방해할 정도는 아니었고 보는 내내 입가에 미소를 띄며 잘 봤습니다 ",hye1****,19.09.10
16134390,10,봉오동 전투,독립영화.첨엔 기대안했는데 볼수록 잼있는 적을 유인해서 포위하는장면이 멋잇엇음 ,ju65****,19.09.10
16134389,10,너의 이름은.,이거 이후에 이런장르는 쏟아져 나오고 잇는데 이게 최고야 ,rifl****,19.09.10
16134388,10,유열의 음악앨범,좋았어요 추억을 불러일으키는 영화 ,ardi****,19.09.10
16134387,2,그것: 두 번째 이야기,초중반 스토리 너무늘어지고 이건뭐 괴수영화인지 SF인지 퐌타지인지 내용도난잡하고 진짜보고실망.. ,cjdw****,19.09.10
16134386,10,변신,후반부로갈수록 스토리가 미흡하지만 배우들의 연기력때문에 끝까지 볼수있었던 영화 ,roto****,19.09.10
16134385,9,도둑들,오지게 재밌네요 근데 구성 배치가 약간 아쉽 ,swag****,19.09.10
16134384,10,클레멘타인,ㅅㅅ너무좋은영화 ㅎㅎ ,ckdg****,19.09.10
16134383,8,당갈,진짜 인도의 영웅 이야기. Good ,sawa****,19.09.10
16134382,1,사자,내 인생의 허비된 시간 +2 ,skek****,19.09.10
16134381,1,암전,감독은 편집 하면서 무슨생각 했을까  무섭다 ,tiqk****,19.09.10
16134380,10,그것: 두 번째 이야기,1편보다 훨씬 재밌고 3시간내내 지루하지가 않았어요!!! ,dbzk****,19.09.10
16134379,10,도둑들,인생영화 인생영화 인생 ,rd90****,19.09.10
16134377,10,엑시트,또 신파극 찍을 줄 알았는데 예상을 뒤엎었네요 ㅋㅋ 마음 아팠던 내용도 있지만 굉장히 신났어요 ㅋㅋㅋㅋ 재해물을 이렇게 만들 수도 있구나 싶네요 재해물들은 항상 우울하고 어두웠으니까요.. 간만에 재밌게 봤습니다 ㅋ ,zest****,19.09.10
16134376,10,증인,이상한 평점주는놈들은 뭐지  ㅇ제정신인가 이렇게 잘만든 영화를 영화가 뭔지모르네 ㅄ들영화의 팩트를 잘 보아야지 인간의 내면과 현실 진정한 가슴을 느끼는 인간 휴머니티요소까지 다 갖추었구먼 액션만 없지 - 인간의 다름과 특성 그리고 표현의 아름다움 극 ,klic****,19.09.10
16134375,2,엑스맨: 다크 피닉스,저얼굴이 24살이라니.... 안문숙이 30대라는게 더 신뢰가 갈듯....눈썹문신 오졌다야~ ,tric****,19.09.10
16134374,10,봉오동 전투,배우들의 명연기와 화려한 전쟁씬은 정말 일품입니다. ,hicc****,19.09.10
16134373,10,벌새,자꾸만 들여다 보고 싶은 영화 ,dari****,19.09.10
16134371,8,비긴 어게인,"'음악영화'니까 8. 음악은 10, 영화는 6 ",gwg3****,19.09.10
16134372,6,엑시트,재밌긴한데 이정도평점은 아닌데 ㄹㅇ ㅋㅋㅋ 뭐 개인마다 느끼는정도가 다른건가 ,ilov****,19.09.10
16134370,1,용서받지 못한 자,"왜 제목을 따라하니, 쓰레기영화 ",jhs4****,19.09.10
16134369,10,7번방의 선물,다시봐도눈물나네요...7번방의선물은...최고의선물...감사합니다~ ,lcdd****,19.09.10
16134368,10,블라인드 멜로디,인도인 암내같은 영화. 실제로 그렇게 오래 결박상태로 있으면 가뜩이나 더운 나라에 인도인인데 몸냄새 쩔 것 같기도 하다. ,eilo****,19.09.10
16134367,9,7번방의 선물,"비호감쓴 분들은 이영화가 코미디극이란걸 모르고 보셨나? 코미디극이니  억지설정인건 당연한거고 천만을 넘을수 있었던건 코미디극이지만  웃음과 눈물, 그리고 배우들의 연기력이 어우러진 결과인것이지 ",quek****,19.09.10
16134366,10,틴 스피릿,"주인공이 얼굴이 아무리 뜯어봐도 할머니라 왜 틴스피릿인지 모르겠지만, 나이 잊은 채 열정적으로 노래부르는 할머니의 락스피릿은 멋졌어요. ",eilo****,19.09.10
16134365,10,7번방의 선물,"웃음 없이, 눈물 없인 볼 수 없다.용구랑 예승이 너무 예쁘다 ",jhw2****,19.09.10
16134363,1,엑시트,흰구름 뭉게구름 유독가스...주인공만 피해 몽글몽글.. ,jmsi****,19.09.10
16134362,10,7번방의 선물,아 새벽에 펑펑울었다... ,ksj9****,19.09.10
16134361,6,그것: 두 번째 이야기,할머니 장면씬은 소름돋았지만 대체적인스토리가 초중반에 너무지루해서  하품나옴후반부만 재밌음 ,ioio****,19.09.10
16134360,10,7번방의 선물,신파도 급이 있다는걸 보여준 영화 ,na28****,19.09.10
16134359,8,그것: 두 번째 이야기,시즌 2만 기다렷다지ㅋㅋㅋ 또 다른 그것! ,bemp****,19.09.10
16134358,8,엑시트,같은 재난탈출 영화ㅡ이병헌 하정우 의ㅡ백두산 이나ㅡ개봉해라ㅡㅡ좀 유치하다ㅡ억지코드심하고ㅡ조정석 원맨쇼ㅡㅡ그래도ㅡ나름 킬링 타임은 됫지만 ,cad0****,19.09.10
16134357,10,타짜,말해 뭐해 ??!??!?! ,rigo****,19.09.10
16134353,8,그것: 두 번째 이야기,극장에서 소리지르게 되는 영화에요ㅠㅠ ,tzwp****,19.09.10
16134352,10,그것: 두 번째 이야기,"보는내내 시간 가는줄 모르고 봤어요 날씨도 꾸물꾸물한데 보니까 더 오싹오싹,, ",uzqo****,19.09.10
16134351,10,그것: 두 번째 이야기,공포감 장난 아닌듯 비와서 더 무서워;; ,trib****,19.09.10
16134350,10,신세계,신세계. 한번도 안 본 사람은 있어도 한번 만 본 사람은 없다라는 말이 진리!!! 심지어 연변거지들 대사까지도 다 외웠다. 신세계 대사는 그냥 일상의 대사 ㅎ “야!! 근데 그거 한우냐??” ,jung****,19.09.10
16134349,10,그린 북,좋다  이런영화! 이와중에 마허샬라알리 오빠 진짜멋있다ㅋ ,hoho****,19.09.10
16134348,8,그것: 두 번째 이야기,형만한 아우 없다더니 형만한 아우가 나타났다 ,xllk****,19.09.10
16134347,9,그것: 두 번째 이야기,끝나자마자 바로 나왓어요 무서워 진짜 ㅜㅜ ,bgjb****,19.09.10
16134346,1,엑시트,갠적으로 7~8점 이라고 생각하는데 지금 너무 높아서 1점 드림 ,ni12****,19.09.10
16134345,9,그것: 두 번째 이야기,간만에 잼나게 본 공포영화네요 ,gmlq****,19.09.10
16134344,8,그것: 두 번째 이야기,심장 쫄ㄷ깃. 놀라는 장면이 많았음 ㅠ ,xkoz****,19.09.10
16134343,10,엑시트,모스부호로 SOS가 따따따 따아따아따아 따따따 였구낰ㅋㅋ뭔가 했네 존잼 시간가는줄 모르고 봤다 ,jhj1****,19.09.10
16134342,9,너의 결혼식,나도 87년생인데 그때그시대 감성이 떠오르게 만들어주네 취직도힘든 사랑도 쉽지않은... 첫사랑은 이루어질수없다는걸 ,tlst****,19.09.10
16134341,10,성난 변호사,2019년 다시 봐봐 김고은이 진짜 연기를 못한건지. 김고은은 투박함을 연기한거야 이런 연기를 해줘서 그 시너지에 이 작품이 나온거라고. 이선균은 진짜 캐릭터 그 자체였고 재밌게 본 영화입니다 ㅎㅎ ,1530****,19.09.10
16134338,10,클레멘타인,내 인생 최고의 영화다. 이보다 더한 영화는 전무후무할 것이다. ,xcvb****,19.09.10
16134337,1,7번방의 선물,유 치 뽕 짝 ...  더 쓸게 앖는데 ,rjkd****,19.09.10
16134336,10,태극권,어렷을적 친구랑 극장가서 본 추억의 영화 ,leeb****,19.09.10
16134335,10,트와일라잇,음악이참 좋앗음 마지막 자막 올라갈때 라디오헤드 노래까지 오진다 ,zzxx****,19.09.10
16134334,9,그곳에서만 빛난다,희망의 기대는 딱 거기까지 였지만 마지막 불씨는 꺼지지 않았다 ,yet9****,19.09.10
16134333,1,성실한 나라의 앨리스,어떤 영화가 생각나고 그 베이스에 더 극적으로 만들기위해 노력한 영화 ,park****,19.09.10
16134332,1,퍼시픽 림: 업라이징,OOO기같은영화. ,yuni****,19.09.10
16134331,8,부탁 하나만 들어줘,"스테파니나 에밀리나 사실 누가 더 악인지 우열가리기 힘든캐릭터죠. 이복남매인 오빠랑 해선 안될짓하고, 절친이랍시고 붙어있다가 죽으니 바로 남편하고 붙어먹는 스테파니도 정상인물은 아니라고봅니다. 단지 그들의 승부에서 승리했을뿐... ",kimt****,19.09.10
16134330,4,변신,근래 본 가장 형편없는 오컬트 영화. 저 좋은 배우들 모아놓고도 이정도라니.. ,bern****,19.09.10
16134329,1,창궐,부산행과 창궐의 공통점ㅋ 같이 물려도 좀비가 되는 시간은 감독맘이다 ㅋ김의성 조우진 장동건은 오래동안 좀비로 안변하고 단역은 순식간에 좀비되는것도 웃기고 장동건은 현빈 죽이고 싶으면 물어버리면 될것을 왜 칼질이야ㅋ ,siwo****,19.09.10
16134327,10,사일런트 힐,갑툭튀 + 소리로 놀래키는 영화에 비하면 정말 명작공포 영화지.. ,jein****,19.09.10
16134326,8,변신,아침 조조로 봤는데 딱 영화 티켓값만큼 한 영화  그나저나 둘째딸은 무슨 큰 잘못을 했기에 찾지도 않고 불쌍하게 오븐에 구워졌나? ,oper****,19.09.10
16134325,10,봉오동 전투,역사를 잊으면 안된다. 고맙습니다 ,wal_****,19.09.10
16134324,10,엑시트,너무 웃긴 영화 제대로 나왔네요 ㅋㅋ ,lky8****,19.09.10
16134323,9,겟 아웃,"목화솜, 씨리얼, 휴대폰 등 앞뒤와 소품들의 숨은 의미 파악이 포인트 ",tjdw****,19.09.10
16134322,10,글래디에이터,5년에한번씩보아 벌써3번째.. ,qnfr****,19.09.10
16134321,7,천금을 마다한 사나이,시대를 생각하면 놀랍도록 부드러운 연출과 휴머니즘 주제. ,tear****,19.09.10
16134318,10,그것: 두 번째 이야기,이렇게 모든 장르를 아우르는 영화가 또 있을까.영화계의 보헤미안 랩소디. ,dlwn****,19.09.10
16134317,10,엑시트,볼만합니다 조정석 굿~웃짱짱!!! ,moho****,19.09.10
16134316,10,엑시트,천만 완등가자 !!!! ,gaga****,19.09.10
16134311,10,포레스트 검프,이런 영화를 이제서야 본 내 인생이 레전드다 ,dltj****,19.09.10
16134309,10,그것,뭉쳐다니는 10대들처럼 무서운게 없다.. 귀신도 때려잡는 무서운 10대~~ ,song****,19.09.10
16134308,10,무드 인디고,미셸 공드리는 여전히 내 1순위다 ,mate****,19.09.10
16134307,10,이터널 선샤인,몇년이 지난 후 클레멘타인과 조엘의 모습이 잊혀질까 다시 봤다 ,mate****,19.09.10
16134306,7,그린 존,힘있는자만 정의가 되는 더러운 세상 !! ,song****,19.09.10
16134305,10,봉오동 전투,독립운동가 분들 감동적이고잘봤습니다 ,kims****,19.09.10
16134304,8,어바웃 타임,"명작을  직접 영화관에 가서 보니 좋았습니다.달달한 연애 영화라고 생각했는데, 다시 보니 가슴 따뜻해지네요. ",whdt****,19.09.10
16134302,10,봉오동 전투,드디어봤습니다!꼭보세요 꼭!!! ,cg08****,19.09.10
16134301,8,그것: 두 번째 이야기,고어한 요소를 개성있는 괴물로 만들어서 재미있게 봤어요. 10대들이 좋아할만한 요소가 많고 중간 중간 놀라는 장면도 적절해서 재미있었습니다.조금 아쉽지만 ,kpis****,19.09.10
16134300,1,감기,이게 뭔 스토리야? 넷플릭스에서 공짜로 보는데도 시간 아까움. ,hotl****,19.09.10
16134299,1,유열의 음악앨범,이 영화 왜 두시간 넘게 해요? ,dntd****,19.09.10
16134298,2,더 보이,빨리감기로 넘긴게 신의 한수 ,peti****,19.09.10
16134297,7,엑스맨: 다크 피닉스,과거의 스토리에 얽매이지 않고 빠른 전개가 좋다. 다만 뜬금없는 새로운 힘과 단조로운 진행이 아쉽다. ,yong****,19.09.10
16134296,1,유열의 음악앨범,좋은 평 말 다 맞습니다. 더운날 부들부들 떨게한 영화 . 정말 이렇게 더운 날씨에 보기 좋은 영화입니다. 그리고 돈아까워서 영화보다 울었네요 . ,cano****,19.09.10
16134295,8,007 골든 아이,피어스 브로노 편은 이 편이 제일좋음 ,jhs4****,19.09.10
16134294,10,엑시트,솔직히 재밌게 봤는데??? 이게 왜 재미가 없음? 이거 추석시즌 맞춰서 개봉했으면 1천만 그냥 넘었을거 같은데? 1200만도 봤을듯? ,best****,19.09.10
16134293,2,007 어나더 데이,"007 영화의 정체성이 깨지는 영화, Q도 인물이 바뀌고 피어스 브로노 의 졸작이다 ",jhs4****,19.09.10
16134292,10,론 서바이버,아직 안본분들 평점만 보지마시고 이영화는 꼭보세요 최고의영화중 하나입니다 ,gha7****,19.09.10
16134291,1,유열의 음악앨범,우연히 만나서 우연히 헤어졌다가 우연히 만나서 우연히 헤어졌다가 우연히 만나서 우연히 헤어졌다가 우연히 만나서 우연히 헤어졌다가 우연히 만나서    '우연히 상영된 영화'영화감독이 꿈인 고3 필자는 애가 탄다. 이런 거지같은 이야기가 상영된다니ㅋ ,sls5****,19.09.10
16134290,10,그것: 두 번째 이야기,마지막에 누가 나쁜놈인지 헷갈렸음..광대 귀에서 피나는줄..ㅠㅠ ,5rhd****,19.09.10
16134289,1,그것: 두 번째 이야기,개노잼 국산영화들이랑 필적하는 쓰레기 영화. 설정도 개유치하고 갑툭튀 jump scare로만 승부하는 한심한 영화. ,djdo****,19.09.10
16134287,10,유열의 음악앨범,"불친절한 영화에 당황하셨죠? 많이 보고 많이 생각하고 많이 느끼면 정말 훌륭함 영화인데 느낌게 없으니..1점 드라마 액션 오락영화 말고 좀 더 다양한 많은 영화,음악,글을 보시길 바랍니다. ",jj97****,19.09.10
16134286,10,맨 오브 스틸,놀란이 각본스고 액션은 잭스나이더가 했다면 명작이 됐을듯 그래도 8점이상은 될영화라 10점줌 ,jtc5****,19.09.10
16134285,3,살인 이론,"지루하고  지루하고, 재미없고  재미없다.. ",ahnj****,19.09.10
16134284,10,봉오동 전투,아니 독립신문에 있는걸 바탕으로 쓴건데 ㅋㅋㅋㅋ진짜 우리나라사람들은 얼마 안죽음 ㅋㅋ 평테러하는 OO들은 누구 ?ㅋㅋㅋㅋ 아비가 뭐하는 종류의 잉여 꼰대 ?ㅋ 아 대구 ?ㅋ ,clos****,19.09.10
16134283,10,그래비티,인생을 살다가 나이가 들어 죽을때가 됐을때 우주에 가서 광활한 우주와 내가 살았던 지구를 마지막으로 두눈으로 보고 우주에서 죽고싶다는 상상을 늘 해왔는데 이 영화를 보고나니 우주가 마냥 아름답게만 느껴지지 않았다 우주마져도 현실이었다 ,khr4****,19.09.10
16134282,3,헌팅 오브 힐하우스,어떤 상황이 진실인지 헷갈리게 만들고 싶었겠지만 그걸 잘 못 살린 듯 ,nate****,19.09.10
16134281,10,맨 오브 스틸,이런 액션의 영화는 언제쯤 다시 나오려나 ,khs6****,19.09.10
16134280,2,리얼,"바닐라스카이따라했는데,감독이 능력없어서 이런작품나옴 ",pern****,19.09.10
16134279,10,인터스텔라,과연 이 영화를 내가 다 이해할 수 있게될까.. 다방면으로 깨달음을 주는 영화. 가장 큰 얻음은 겸손에 관한 것.. ,a618****,19.09.10
16134278,4,유열의 음악앨범,달달한거 같긴한데....정해인은 잘생긴건 확실한데...  뭐 설명이라도 해주지 뭘 얘기하고 싶은건지 모르겠음 ,dmsq****,19.09.10
16134277,8,그것: 두 번째 이야기,결말이 좀 허무맹랑한데...그래도 그래픽이나 재미적인 요소가 많아서 재밌었어요 추천합니다 ,wong****,19.09.10
16134276,10,박하사탕,"한국 최고의 영화다단, 30대가 되어 본다면 ",jacu****,19.09.10
16134275,10,클레멘타인,전 울고싶을땐 클레멘타인을 봅니다...그렇게 오열하고 나면 마음이 편해지더라구요. 평소 저처럼 눈물이 별로 없으신 분들에게 꼭 추천드립니다. ,wodh****,19.09.10
16134274,10,엑시트,엄마랑 오랜만에 재밌게봤어요 ,flel****,19.09.10
16134273,7,요로나의 저주,뭐가 무서워요??? 별로... ,tkfk****,19.09.10
16134271,10,봉오동 전투,늦게 나마 봤습니다. 이 영화의 주인공은 독립군 한분 한분이 아닐까 싶습니다. 의무복무로 군대도 가기 싫어한 제가 부끄럽습니다. 죄송합니다. 감사합니다.. 소중한 한 목숨 바쳐 희생해 지켜주셔서... ,gwon****,19.09.10
16134270,10,더 록,감히 평가를 히트와 함께 나와 무명에 가까운 배우와 한물두물세물간 늙은 배우를 전성기로 만들며 히트 발라버린 비디오가게 테러했던 그냥 레전드 마이클베이 인생작 ,solo****,19.09.10
16134269,10,인터스텔라,지금 지구에게 감사하며 살아야된다 ,whdd****,19.09.10
16134268,10,바르샤바 1944,나는 포스터 만든사람 벌 줘야 된다고 생각한다..마치 B급 영화스러운 포스터로 재미없을것 같은 느낌을 주었기 때문이다.. 전쟁을 잘 표현한 영화라고 생각된다. ,song****,19.09.10
16134267,8,엑스맨: 다크 피닉스,엑스맨 시리즈를 다 보진 못했는데 나름 볼만 해요 ,tkfk****,19.09.10
16134266,10,덕구,감사하고 또 감사한 영화 이순재 배우님 감사합니다 사랑합니다 ,hye8****,19.09.10
16134264,10,인터스텔라,몇번을 봐도 말문이 턱 막힌다 ,cyrk****,19.09.10
16134263,10,그것: 두 번째 이야기,좋았습니다~~~~^^ ,dlwl****,19.09.10
16134262,10,인터스텔라,"내용을 이해못한 사람은 이 영화가 지루할것이고, 이해한 사람은 경이로움에 할말을 잃을것이다. ",johy****,19.09.10
16134261,5,극장판 헬로카봇 : 달나라를 구해줘!,예매율 1위 ! ㅋㅋ1234567890 ,idso****,19.09.10
16134260,10,베를린 천사의 시,"이영화를  해석하고  이해하려고보지마라   보고있으면  다알게된다 왜  ""베를린천사의시""인지  명작인지 ",like****,19.09.10
16134259,9,인터스텔라,지려븜 지려븜 지려븜 지려븜 ,ssun****,19.09.10
16134258,10,인터스텔라,와.... 다시봐도 정말!! 여운 ,ente****,19.09.10
16134257,9,패신저스,배경도 멋지고 여주 너무이쁨. 설정이 어이없는 부분이 있긴한데 영화니깐~ 고장이 없게 설계했다 쳐도 우주선을 감시하는 안드로이드는 한대라도 있어야했다. 프로메테우스 데이빗 같은 ,gisk****,19.09.10
16134256,10,아일랜드,티비에서 해줄 때마다 봐도 재밌음 ㅎㅎ ,idg1****,19.09.10
16134254,10,인터스텔라,말로 표현할 수 없습니다. 보세요 ,youm****,19.09.10
16134255,10,인터스텔라,말로 표현할 수 없습니다. 보세요 ,youm****,19.09.10
16134253,6,그것: 두 번째 이야기,끝나지 않는 성장드라마.(무섭지않습니다.) ,ingu****,19.09.10
16134252,10,나만 없어 고양이,"이런 부류의 영화는 현대 사회의 흔히 볼 수 있는 상업성이 부각된 영화와는 다르게 평가 되어야 한다.내용, 연기력, 배우가 누구냐에 집착해 있는 현대 영화산업이 반성해야 할 작품이다 ",youg****,19.09.10
16134250,7,거인,영화 속 동생을 만나는 장면들이 너무 슬펐다요한이 아닌 감추었던 영재의 모습이 보여서. ,jacu****,19.09.10
16134249,10,할렐루야,야이새꺄 뽄드는 끈적끈적하게 접착하라고 만들었지 누가 니 쳐 불라고 만들었냐 ㅋㅋㅋ ,tngj****,19.09.10
16134248,10,회사원,평보다는 훨 재밌어요 볼만 합니다 ,skyh****,19.09.10
16134247,10,더 헌트,꼭 보세요 진짜 울화통 터지고 슬프고 답답해서 눈물 나옵니다 정말 인상깊은 영화네요 ,bank****,19.09.10
16134246,8,유열의 음악앨범,몰입해서 봤어요. 개인 취향 많이 탈듯~ ,hjg3****,19.09.10
16134245,10,브링 더 소울 : 더 무비,빛나는 무대 뒤의 피땀눈물 ,angi****,19.09.10
16134243,9,스파이더맨: 뉴 유니버스,기대 안했는데 정말 재밌다 ,fpql****,19.09.10
16134242,10,엑시트,킬링타임 영화를 넘어서 거의 부관참시타임 영화 ,dmlf****,19.09.10
16134241,10,봉오동 전투,진짜 최고라고 밖에 할말이없다애국심을 느끼고 굳건하게 해준 영화배우들 연기에도 눈물없인 볼수없다ㅜㅠ ,appl****,19.09.10
16134241,10,봉오동 전투,진짜 최고라고 밖에 할말이없다애국심을 느끼고 굳건하게 해준 영화배우들 연기에도 눈물없인 볼수없다ㅜㅠ ,appl****,19.09.10
16134240,10,조디악,이건 절대 공포영화가 아니다. 촬영기법이며 배경구도며 배경 음악이며 진짜 하나 하나 버릴 게 없다. ,3012****,19.09.10
16134239,1,건달티처,개하급영화좀그만만들어요..OO같영화같아요 ,wjdg****,19.09.10
16134238,10,시네마 천국,이영화에  평가가  필요할까? ,like****,19.09.10
16134237,10,봉오동 전투,유해진의 휠윈드부터가 시작입니다 ,cjf9****,19.09.10
16134236,10,악의 연대기,나는 그냥 배우들의 열연만으로도 10점 줄 수 있다고 본다 연기 진짜 지림 ㄷㄷ ,bong****,19.09.10
16134235,4,해피 해피 브레드,힐링을 핑계로 밋밋함을 내세운다. 이런 카페가 실제로 있다면 가보고 싶기는 하다만. ,choo****,19.09.10
16134234,1,그것: 두 번째 이야기,"ㄹㅇ 핵 노잼, 전혀 안무섭고 잃어버린 3시간 찾습니다 ",qkrw****,19.09.10
16134233,10,유열의 음악앨범,1. 포스터 미소만으로도 설렜다2. 정해인김고은 누가 캐스팅했어요? 사랑합니다ㅠㅠ3. 보기 드문 멜로에요..가볍지 않아요 결코4. 개연성? 부족해요. 근데 둘이 사랑하는 데 개연성은 안 부족했어요5. 김고은 언니 역할하신 분... 연기쵝오..♥ ,hhhh****,19.09.10
16134232,1,유랑지구,중국도 평점 알바 쓰나....  별 한개도 아깝다 ,mode****,19.09.10
16134231,10,마이펫의 이중생활2,정말표현력하나하나너무좋다이런애니메이션을보면기분이너무좋고마음이순수해지는것같다ㅎ힐링이되는시간이었다ㅎ기여운동물들♡사랑스러농장에대장개 개멋잇드라ㅎ ,yhhe****,19.09.10
16134230,2,그것: 두 번째 이야기,처음에 굉장히 지루하고광대에 대한 설명이 부족해서 별2개요 ,joju****,19.09.10
16134229,10,님은 먼곳에,진정한 사랑이 무엇인지 아는 사람이 보면 명작 ,hjr8****,19.09.10
16134228,3,변신,이상한 집에서 일단 나오는게 상식아님? 곧죽어도 그집에서 며칠밤을 새는겨 온가족이 ㅋ 안무섭고 멍청한 영화 ,chom****,19.09.10
16134227,1,사자,파워레인저 보는 거 같았다 ,juny****,19.09.10
16134226,10,더 포스트,영화 잘 만들었네요. 즐감했습니다 ,etmd****,19.09.10
16134225,3,유열의 음악앨범,초딩보다도 미숙한 사랑이야기 ,chom****,19.09.10
16134224,10,엑시트,이게 재미 없다는 애들 특징 : 방구석 찐따ㅋㅋ 혼자서 집에서 보니까 뭘 봐도 재미없겠지 ㅉㅉ ,kimj****,19.09.10
16134222,10,봉오동 전투,역사를 잊으면 안되겠습니다.분노! ,pobe****,19.09.10
16134221,10,그것: 두 번째 이야기,"1탄의 상큼한 충격이 컷기에 2탄은 그저그러지않앗을까 햇는데, 3시간이란 시간이 길지않음. 전날 1편 구입해보고 극장가서 오늘또 2탄봣는데 오마쥬장면이 호불호겟지만 전개에 괜찬음.. 요새 재미없는 영화들 사이에서 단비같은 영화임,올해 기억될 영화임. ",hidh****,19.09.10
16134220,10,랜드 오브 마인,허트로커는 엄살수준 이었나..와 이럴수가 있나 영화 “다운폴” 안본사람들은 꼭보시길 독일장군들 전쟁 마지막까지 뭐하고 있는지 . 히틀러와 나치가 남긴 재앙.. ,ny85****,19.09.10
16134218,10,봉오동 전투,감사합니다 대한 독립 만세!!! ,rlac****,19.09.10
16134217,10,우리집,"너무나 감명 깊었던 영화. 아이들은 우리를 어릴적 모습으로 되돌아가게 만들고 이입하게 만든다. 그들은 어리지만, 섬세하게 모든 것을 느낀다. ",june****,19.09.10
16134216,4,할로윈,10점 전부 페미  여자들인듯  여자들 활약한다고 십점 박앗나보네 ㅋ 평소 이런영화는 보지도 않고 1점 박앗을거면서 개웃김 무슨  잡을려면  swat 몇부대는 보내야할 듯한데 경찰차 한대 돌아다니고  일부러  죽으러들가는거야 뭐야  영호 ㅏ개답답 ,hend****,19.09.10
16134215,10,봉오동 전투,후반부에 소름이 쫙.!!먼가 울컥하더라구요.그분들이 있었기에 지금에 제가 살고 있음을.. 감사합니다.헛되이 살지 않을께요. ,jyhs****,19.09.10
16134214,1,봉오동 전투,진짜 개노잼 지루함 국뽕 빼면 시체 ,kang****,19.09.10
16134213,10,내가 살인범이다,몇년만에 다시 봤는데도 배우들 너무 열연이고 시나리오도 좋고 연출도 좋고 너무 재밌어요~ ,pend****,19.09.10
16134212,1,엑시트,요즘 영화 개망했네;; 이게 8점대라니 ㅋㅋㅋ 망작은 아닌데 6~7점대 킬링타임용 ,kalb****,19.09.10
16134210,8,아이 필 프리티,힐링....지친 나에게 ....작은 위로 ,hara****,19.09.10
16134209,8,그것: 두 번째 이야기,정성은 많이 들였는데 뭔가 부족...성인이 된 아이들이 같은일을 또겪는 이야기..중요한건 나이만 먹은듯... ,jein****,19.09.10
16134206,9,파이브 피트,뻔한 소재인데도 지루하지 않고 좋았다. 여주 너무 예쁘고 밝아서 볼때마다 기분좋아지는데 그게 또 한편으로 너무 슬프고 남주는 그냥 대존잘... ,qhfk****,19.09.10
16134204,10,엑시트,이 정도 재미를 단돈 만 원 주고 살 수 있다는 게 너무 감사하고 행복합니다. 이게 ㅆ노잼이라는 인간들은 대체 어떤 영화에 재미를 느끼는지 정말 궁금해지네요. ,go_k****,19.09.10
16134203,8,봉오동 전투,헬조선 이런말이나 하는 사람들이 또 기회만 오면 나라팔아 먹겠죠. 집구석에 있는 패물 남몰래 내다 파는 인간처럼요. 집구석에서 저런짓하면 동네에서 인간말종 취급하는데 나라를 팔아먹으면 인간아래 맞죠 짐승은 사람들이 어떻게 대하는지 알아야될 거 같아요 ,ghwj****,19.09.10
16134202,1,드래곤볼 슈퍼: 브로리,파워 인플레가 너무 엉망이다 진짜.. 초사이언 2 3를 넘어 블루까지 가놓고 갑툭튀로 나온 일반 사이어언한테 블루가 털린다고?? 이따구로 그릴거연 왜 ,ingi****,19.09.10
16134201,10,그것: 두 번째 이야기,구냥뭐 나쁘지않았음.공포영화좋아하면 비추고 솔직히 무섭진않음.할머니씬은좀기괴한데 슬픈편임. 원작팬이면 팬서비스가 많음. ,sunx****,19.09.10
16134200,2,틴 스피릿,대체 왜 라라랜드를 갖다 붙인건지.. 라라랜드한테 사과해라 ㅠㅠ 떡밥이랑 떡밥은 다 뿌려놓고 음악도 너~~~무 별로고 개연성도 없고 뻔한 스토리.. 2000년대 영국 싸구려 오디션예능을 보는 줄 알았다 ㅋㅋ ,yoon****,19.09.10
16134199,4,타짜-신의 손,진짜 개빡치는게 청불영화 마더가 300만이 안되고 신세계가 460만인데 이게 어케 400만이냐? 여자 배우 노출 말곤 볼게 없는 영화 였다 ㄹㅇ ,yyd7****,19.09.10
16134197,1,샤잠!,마블 좋아하고 dc도 좋아하지만. dc가 너무 안쓰럽다가. 원더우먼 아쿠아맨 저스티스 리그 다 재미있게 봤는데 이건 아닌듯하네요. ,love****,19.09.10
16134196,10,47미터 2,개존잼 미쳤다~ 이건 진짜 극장에서 볼 때 더 짜릿 ,afro****,19.09.10
16134195,1,걸캅스,이런 영화 죽어도 안봄 에효 ,coli****,19.09.10
16134194,10,타짜,3 예고편만 봐도 오그라 들더라 배팅을 할땐 인생을 걸어야지 타짜니까 ....와후 저 대사가 그렇게 오그라 들더라 진짜 ,yyd7****,19.09.10
16134193,10,봉오동 전투,그들이 있었기에 현재 살고 있는 모든 이가 있는 것이다. 역사를 배우는데 도움이 될 만한 영화인거 같다. ,quf9****,19.09.10
16134192,10,엑시트,코믹30 액션70 웃길때 빵빵터지고 심장쫄깃할때 손에땀을 쥐고 봄ㅠㅠ조정석 윤아 대단한단말밖에..이영화는 영화관에서 봐야 스릴있음 ,nyk9****,19.09.10
16134191,10,"가장 따뜻한 색, 블루",만점 준다. 프랑스영화의 진수다. 뭐하나 빼먹을거 없는.완벽했다. 특히 연기력..한국인들은 국내드라마볼때 연기력본다는데 솔직히 마음에 와닿지않았다.그냥 잘해바야 기술적인정도. 근데 이영화는 진짜 인간의 내면과 사랑과 이별에 대해 표현이 배우가 너무 잘 ,ju_1****,19.09.10
16134190,5,노크: 낯선 자들의 방문,긴장감은 있는데 암만 영화라지만 남자1명만 죽이면 여자 2명은 보너스인데 총들고서 배짱한번 못내고 쫄고만 있는게 현실성이 없다 ,mae4****,19.09.10
16134189,8,존 윅,해바라기랑 아저씨 콜라보네요 ,free****,19.09.10
16134188,10,벌새,마지막 장면이 잊혀지지가 않네요ㅠ ,minh****,19.09.10
16134187,1,유열의 음악앨범,이영화에 10점 주는 사람들은 진짜 나쁜사람이다 ,1472****,19.09.10
16134186,6,유열의 음악앨범,"영화가 전체적으로 잔잔하게 진행되는 바람에 지루하게 느낄 수도 있겠습니다. 다만, 말미에 뛰지 말라고, 다친다고 하는 대사는 정말 가슴에 와닿더군요. ",tndy****,19.09.10
16134185,10,트루스 오어 데어,웃는거소름입니다ㅠ .. ,kng0****,19.09.10
16134184,2,변신,옆집뭐임?? 교회다니는 감독님이 만드셨나봐요.빙의 치료는 스님이 더잘해요 다음엔 스님 편으로 만들어주세요 ㅋㅋ ,saym****,19.09.10
16134183,1,이니시에이션 러브,최악이다 아무것도 느낄수 없었고 아주 조잡하게 설득한다 ,yong****,19.09.10
16134182,4,사자,소리 고래 고래 지르고. 기분만 나쁜 영화 ,fkrg****,19.09.10
16134181,1,미이라 리턴즈,먼저 가신 순국선열에 대한 묵념! ,nakj****,19.09.10
16134179,10,클레멘타인,100분이 만들어내는 기적 ,roya****,19.09.10
16134178,4,그것: 두 번째 이야기,좀 지루해서 화장실 두번갔어연.. 원래 영화 볼때 절대 안가는데 .. ,zxzx****,19.09.10
16134177,8,에브리원 세즈 아이 러브 유,"청소년관람불가 이지만 가족이 봐도 야한게? 없다. 라라랜드 감독이 이작품을 보고 영상을 얻은 느낌. 97년도 작품인데 요즘봐도 어색하지 않다. 뉴욕, 베니스, 파리등 우디앨렌의 작품은 장소가 다양하게 나온다. ",srhh****,19.09.10
16134176,10,헌터 킬러,말이 필요없다!!! 최고네요// ,depo****,19.09.10
16134175,10,내 심장을 쏴라,정신병원에.치료를 하러가는건데.더 병을 악화시키는ㅠ실제로는 안 그렇죠?아무튼 실감나게 연기를 하셔서 잘 봤습니다. ,kjhz****,19.09.10
16134174,1,오장군의 발톱,이 영화 본 사람은 팬들이네 ,kill****,19.09.10
16134173,10,리틀 포레스트,우연히 볼때마다 정말 행복감이 밀려오는 영화다. 보는 순간 내내 마음이 포근하고 따뜻해지는 기분. 마음 한켠이 아릿하기도 한다 ,yghj****,19.09.10
16134172,10,엑시트,완전 재밌게 봤습니다!!! ,k199****,19.09.10
16134171,10,다크 나이트 라이즈,이거 연출했다고 생각하면서 보면 그냥 미친수준 왜  놀란형제가 천재인지 알수있는영화 ,jeue****,19.09.10
16134170,10,해운대,난 재밌게 봤는데 평점이 생각보다 낮네 ,whdt****,19.09.10
16134169,10,그것: 두 번째 이야기,1편과 마찬가지로 음악이 좋았다 + 무서운데 무섭지 않고 웃기지 않은데 웃긴 영화 + 까메오 자비에 돌란 ♡ ,bada****,19.09.10
16134168,10,반지의 제왕: 왕의 귀환,영화관에서 다 보고 나왔을때의 그 감동 내가 본 영화 top3 반지의제왕 타이타닉  다크나이트라이즈 ,jeue****,19.09.10
16134167,2,그것: 두 번째 이야기,3시간동안 나가고싶어서 미치는줄알았음혼자 보러간거였다면 1시간보다가 나왔을듯.. 쓸때없이 질질끌고 최악의  내인생 영화..영화는 3시간짜리지만 내용은 1시간짜리ㅎ ,anny****,19.09.10
16134166,10,베놈,개꾸르잼 베놈 너무 귀여워 ,jjj1****,19.09.10
16134165,10,넛잡 2,최고예요 ㅎㅎ재밌는 이야기. ,kkop****,19.09.10
16134164,10,업그레이드,격이 다른 영화.. 믿고 보는 블룸하우스 ,mjsc****,19.09.10
16134163,10,엑시트,올해 가장 재미지게 보았다연출도 깔끔하고 연기도 굿!! ,saja****,19.09.10
16134161,10,그것: 두 번째 이야기,분명 공포영화인데 무서우면서도 웃긴영화ㅋㅋ시간가는줄도모르고봄 ,ansp****,19.09.10
16134160,2,유열의 음악앨범,배우들이 아까워요... 이 상큼하고 매력터지는 좋은 배우들을 데리고 왜 그렇게 스토리가 엉성하게 만들 수 밖에 없었는지... 감정선도 모르겠고 몰입 + 공감이 하나도 안가요ㅠㅠ 오랜만에 기대했던 영화였는데 너무 기대 이하였어요... ,mini****,19.09.10
16134159,2,봉오동 전투,이게 한국영화의 수준이냐? .. 역사 문제를 떠나서 작품으로써의 기본이 처참하다. ,ckdr****,19.09.10
16134158,1,플립,시간아까움 겁나비추천 ,kkk5****,19.09.10
16134157,8,그것: 두 번째 이야기,오마주가 많아서 정말 행복하고 감동적이었다결말도 은근 맘에들고 좋은데처음에 페니와이즈가 돌아왔다는 이야기를 그렇게 푼다는 것이 정말 혐오스럽고 마음에 들지 않는다. ,tjsd****,19.09.10
16134155,6,셔터 아일랜드,마지막 대사가 소름까지 끼칠 정도였나.... 후반부를 위해 너무 길게 달린 느낌이다 ,rlar****,19.09.10
16134154,2,엑스맨: 다크 피닉스,엑스맨은 데오퓨까지가 전설이고 아포칼립스 망작에  다크피닉스 OO망작ㅡㅡ ,kiss****,19.09.10
16134153,10,애프터,"사랑보다 아름다운 유혹의 스토리가 생각나는부분이 있었지만, 남주여주의 매력때문에 보고 또 보고 싶은 영화에요^^ ",yeom****,19.09.10
16134152,10,너의 이름은.,한 존니 아련하네 하 아련그 자체 ,poli****,19.09.10
16134151,9,아이 캔 스피크,"2년 전에 봤는데 코믹에서 코믹으로 끝나겠지 했는데 이게 무슨...! 슬픔과 감동이 밀려왔다. 반전도 이런 반전이. 나문희와 이제훈의 케미도 좋았고, 다른 조연들도 좋았다. 일본이 제발 사과했으면 좋겠다. ",dldn****,19.09.10
16134150,7,로우리스 : 나쁜 영웅들,주연급들이 줄줄줄 나오는 1920년대 미국의 르와르 후반부가 아쉽다 ,lian****,19.09.10
16134149,10,크리드 2,크리드의 승리 뒤에 서있는것이 아니라 앉아서 링을 바라보는 마지막 뒷모습은 40년동안 함께 한 팬들을 향한 록키와 실버스타스텔론의 후련한 마침표처럼 느껴졌다. ,peng****,19.09.10
16134148,10,아쿠아맨,최고다 간지작살이다 여배우도 최강ㄷㄷㄷㄷ ,loui****,19.09.10
16134147,7,콜로설,개떡 같은 영화지만 원더풀...내가 가장 좋아하는 크리쳐물은 불가사리1편임 존 카펜터의 괴물도 너무 좋았고 리들리 스콧의 에이리언1편도 절대 빼놓을수 없지.원래 이 장르가 결코 만만치 않은 장르라는걸 생각하면 졸작임.앤 해서웨이 때문에 평점7점을 준다 ,baks****,19.09.10
16134145,10,미쓰백,"상아와 지은이,,, 오래도록 생각날것 같아요 가슴이 너무 먹먹하고 아프네요 이런 일들이 없는 세상이 하루빨리 왔으면 좋겠어요 ",bore****,19.09.10
16134144,10,에이 아이,OOO전 영화 다시봤습니다. ... 화 ...눈물 감동.. 무엇이 인간이게 하는가.. 진짜...시간이 흐른뒤 다시봐도 명화는  더욱 감동과 전율을 주네요. ,marb****,19.09.10
16134143,10,엑시트,정말 잘 만든 영화라고 생각합니다. 재난 영화를 보면서 처음으로 불쾌하지 않은 마음으로 영화관에서 나올 수 있었던 것 같아요. ,tich****,19.09.10
16134142,9,성실한 나라의 앨리스,한국에서 이런 영화를 만들었다는게 놀랍다 ,poiu****,19.09.10
16134141,6,변신,"모든 이야기는 처음, 중간, 끝이 존재한다. 여긴 처음만 ",happ****,19.09.10
16134140,1,엑시트,평점9점대 관람객 900만따리 보고갔는데 존나 씹노잼 이돈으로 롤 스킨하나더 사는게 더 이득 ,jang****,19.09.10
16134139,9,그것,"인간의 내재된 공포와 자신감 상실,믿음등에 관한 영화 같네요.2편 나와서 1편 봤는데 처음보다 훨씬 괜찮네요. ",irur****,19.09.10
16134138,10,허스토리,1년 전에 봤을 때 총 3번 정도 울었던 거 같다. 특히 강제로 임신 당해서 자궁을 적출당했다는 얘기를 듣고는 눈에 눈물이 고일 틈도 없이 흘러서 나도 놀랐다. 손수건을 챙겨가서 다행이지... 제목이 허스토리라고 꼴페미영화 아니에요 제발 좀... ,dldn****,19.09.10
16134137,2,어스,답답해 OO버릴뻔했네 ,95ce****,19.09.10
16134136,8,안나,안나 케릭터 넘 매력적이엥 ,chlw****,19.09.10
16134135,6,사자,그냥 영화 그저그랬어요 ,chlw****,19.09.10
16134134,10,친절한 금자씨,그녀가  복수하고 싶었던 건 백선생이 아니라 그녀 자신이었던 거 같다. 무능력한 자신에 대한 벌. 또한 희생 당한  이들에게 대한 사죄. 그러나 그녀는 끊임없이 용서를 구했지만 구원 받지 못했다. 아니 끊임없이 용서를 구했기에 구원 받지 못했다 ,gudw****,19.09.10
16134133,10,마더,넷플릭스에서 봤는데...와 봉준호 감독이었구나...살면서 이런 감정 처음 느껴봤다 대박이다 ,good****,19.09.10
16134131,9,콘스탄틴,재미있는 영화.단지 콘스탄틴에는 매튜 매커너헤이가 적역임.좀더 원작 만화 같잖아.미카엘도 틸다 스윈튼 보다는 화장실가서 똥도 안쌀것 같은 에이브릴 라빈을 쓰고 싶었음.피터 스토메어 아마겟돈의 러시아 정거장 승무원에 마이너리티 리포트 무면허 돌팔이 의사 ,baks****,19.09.10
16134130,10,이보다 더 좋을 순 없다,1년마다 찾아서 다시 보게 되는 명작 ,roba****,19.09.10
16134129,10,인터스텔라,나홀로집에 이후 가장 재밌는 영화나홀로 우주에 ,sida****,19.09.10
16134128,10,엑시트,영화 잘 안보는데 이거 본건 후회 안 해요진짜 너무 너무 재밌어요 꼭 보세요! ,chch****,19.09.10
16134127,1,유열의 음악앨범,걍 1점도 비싸다 이런거 공짜로 다운받고도 안본다 ,wowo****,19.09.10
16134126,10,타짜,"이렇게 잘 만든 영화, 배우들이 모두 그림 그리듯이 흘러가는 연기를 하는 영화가 있을까.. ",redo****,19.09.10
16134125,1,유열의 음악앨범,잊지못할 추억이 또 하나 생겼네요 ,kums****,19.09.10
16134124,9,기묘한 가족,웜바디스 영화 플러스 엽기적인 내용 ,sain****,19.09.10
16134123,9,우리집,"상업영화들이 판타지 같은 세상으로 확장해 나갈 때, 독립영화는 현실 세상으로 깊숙이 파고든다. 세 아이들의 행동이 너무 귀엽고, 웃음도 나고, 한편으로는 슬펐다. 아이들이 일찍 철이 든 건지. 지금도 어디에선가 일어나고 있을 법한 이야기. ",dldn****,19.09.10
16134121,8,에이리언 2,scv로 퀸을 잡아버리네... ,kanz****,19.09.10
16134122,10,봉오동 전투,기억하고 기록해야 할 우리의 역사..잊지않겠습니다. ,k7th****,19.09.10
16134120,10,안녕 베일리,보스독보스독보스독보스독보스독3편이 없다는게 더슬픔... ,sam0****,19.09.10
16134119,1,그것: 두 번째 이야기,이게 호러냐... 코미디지 ,nzki****,19.09.10
16134118,10,데드풀2: 순한 맛,데드풀2순한맛 쿠키 영상이 다름...조쉬 브롤린 구니스2에서 주인공 큰형이었는데 아역 시절을 무사히 마치고 대배우로 거듭남.크리스찬 베일도 스필버그의 태양의 제국으로 데뷔했었고 레오나르도 디카프리오도 아역배우 출신.대한민국 아역배우 출신은 안성기 끝~ ,baks****,19.09.10
16134117,10,살인의 추억,유전자 분석 기기가 우리나라에는 없다는 말 듣고 맴찢... ,inee****,19.09.10
16134116,10,언브로큰,"안젤리나 졸리 진짜 존경한다. 말만 인권이니 그런게 아니라 몸소 실천하는 모습이 너무 좋다. 그때문에 일본에서 안젤리나 졸리에 대한 거센 반항,불매운동이 계속 되고 있지만 거기에 아랑곳하지 않고 본인의 길을 걸어가는 모습이 보기 좋다. ",catd****,19.09.10
16134115,8,봄날은 간다,진짜 사랑이 어떻게 변해 상우만이 진짜 사랑을 한 걸지도 ,jenn****,19.09.10
16134113,10,벌새,이걸 영화관에서 본 내가 일류다 ,godh****,19.09.10
16134112,9,토미리존스의 쓰리베리얼,특유의 텍사스 시골 문화 풍경 감상하는 재미도 있다. ,choi****,19.09.10
16134111,1,그것: 두 번째 이야기,이댓글보시는분 진짜 보지마세요 정말 재미없고 여자친구랑 보면서 진짜 언제끝나지 언제끝나지 계속 이럼 재미도없고 유치하고 내가이거 영화보고 처음후기남겨봄 정말 차라리 짧으면 그러려니하는데 시간이아까워서 너무열받아서 댓글담ㅡㅡ ,myrh****,19.09.10
16134110,2,시크릿,와.... 대박. 암걸릴거같아.... ,mina****,19.09.10
16134109,10,트루먼 쇼,인생이 가장 완벽한 연기다 ,wnse****,19.09.10
16134108,8,안나,공산국가 국민이원하는 자유의가치! ,hyun****,19.09.10
16134107,5,목격자,산이 중요하다!! 적들을 물리쳐라!! ,love****,19.09.10
16134106,10,그것: 두 번째 이야기,친구랑 보고 왔는데 잼있어요 근데 진짜 정통 호러 영화를 기대하시면 안보시는게 낫고요..캐빈 인더 우드나 이블데드 처럼 블랙코미디 짬뽕 된 호러영화라고 생각하시고 보시면 수작입니다 ,sigu****,19.09.10
16134105,7,벌새,30대이지만 공감대가 많치 않아 어리둥정합니다 ,cool****,19.09.10
16134104,1,마이클,초반엔 흥미롭게 시작하는데 점점 힘이 빠진다. 소재자체는 좋은데 잘 살리지 못한 느낌 ,ddab****,19.09.10
16134103,10,그것: 두 번째 이야기,1편을 안 본 사람인데...  2편을 봐도 괜찮을까요? ....엑시트 vs  그것2.      뭐볼지 고민중... ,ahj5****,19.09.10
16134102,6,사자,나쁘진 않음 킬링타임용 한국판 히어로 물 ㅎㅎ 발전해라 한국영화!! ,hhi0****,19.09.10
16134100,2,분노의 질주: 홉스&쇼,재미도 없던데 뭘 잼있다고 난리야~ 최악이더라 ,guem****,19.09.10
16134099,8,엑스맨: 다크 피닉스,나의 마지막 액스맨 ㅠㅠ 7점 짜리지만 마지막추억으로 1점 추가 ,hhi0****,19.09.10
16134098,10,사랑받지 못한 여자,스토리가 진부하지않고 여배우님의 연기가 정말 좋았습니다 ,hann****,19.09.10
16134097,10,위대한 개츠비,데이지 정말현실적.. ,nana****,19.09.10
16134095,7,더 넌,기대보단 안무서웠어요 ,rktn****,19.09.10
16134094,10,몰리스 게임,어제 오늘둥 멋진 인생 한 수 배워가네욤 어젠 호밀밭 오늘은 몰리 ,pink****,19.09.10
16134093,10,안나,안나 정말 인생영화입니다 몰입해서 시간 가는 줄 모르고 봤어요 ,yyj0****,19.09.10
16134092,1,엑스맨: 다크 피닉스,왕좌의게임에서 띤따에 못생긴게 어디서 우리 레니퍼를 죽이냐 개짜증 디져라 이것도 영화라고 ,clov****,19.09.10
16134091,10,봉오동 전투,모든 독립운동가분들 잊지않겠습니다 ,ljhl****,19.09.10
16134090,10,안나,최고의 반전...  대머리 ,azsx****,19.09.10
16134089,8,나를 미치게 하는 여자,나름 유쾌하고 재밌었음. 남친 그것2 친구중한명.ㅋㅋ 여기는 젠틀캐릭터 넘달라ㅋㅋ ,rktn****,19.09.10
16134088,10,변신,후반스토리가 너무 막장이라서 그렇지 초중반은 긴장넘치고 무섭고 재밋슴 ,cw10****,19.09.10
16134087,10,인터스텔라,지루한면은 조금있지만 흥미로웠네요 ,isza****,19.09.10
16134086,1,그것: 두 번째 이야기,돈아깝다 돈아깝다 돈아깝다 ,xoal****,19.09.10
16134085,10,인셉션,내인생최고의영화볼수록 새롭다 ,paul****,19.09.10
16134084,7,인 타임,In Time.... ,nimu****,19.09.10
16134083,7,그것: 두 번째 이야기,과거얘기가 넘 많이나오고 주인공하나하나 스토리가 너무길어서 지루해짐. 2시간에 끊었어야함.. 무섭지도않았음. ,rktn****,19.09.10
16134082,10,유열의 음악앨범,추억에 찡긋 좋았습니다 ,dlar****,19.09.10
16134081,8,악의 연대기,소중한걸 지키고자 피를 묻힌 어린아이는 정의라고 생각해... ,jimi****,19.09.10
16134080,10,친절한 금자씨,대박명작이네요.ㅡ ,smil****,19.09.10
16134078,8,애프터,"남주 진짜 잘생겼고 여주도 예뻐요ㅎ외모가 개연성같은....원작소설이랑 다른 부분도 많아서 비교하면서 봐도 좋을 거 같아요, 책 구절 외우는 남자, 레포트로 마음 전하는 감성적인 남자 좋았어요ㅎㅎ ",cute****,19.09.10
16134077,1,택시운전사,감성팔이 500원짜리영화 ,tom2****,19.09.10
16134076,9,젊은 날의 초상,방황... 끝없는 방황... 그러나 방황이란게 방황이 아니었다... 그리고 역시 80년대는 낭만의 세월이었다... 낭만과 순수를 모두 잃은 2019년 지금의 현실과 세상에 구역질을 느끼며 나는 오늘도 방황한다... ,deka****,19.09.10
16134075,9,벌새,"좋았어요 . 스토리도 인위적이지 않고,가족,우정,나, 과거기억,미래생각생각하는 시간을 주는 영화였어요줄거리 보고 걍 여중생 얘기네 해서안보려다 후기가 좋아서 걍 봤는데잘본거 같아요 .영화 길어요 ㅋ화장실필수 ",very****,19.09.10
16134074,9,엑시트,생각없이 봤는데 재밌었음. 가족과 보기 좋아요 ,musi****,19.09.10
16134073,1,신과함께-죄와 벌,이런걸 누가보는지 진심궁금하다 ,tom2****,19.09.10
16134072,10,라스트 캐슬,이 영화는 길이길이 기억되고 지금 어린애들도 꼭 보길 바란다 ,myan****,19.09.10
16134071,10,사자,"간만에 재밌게, 속 시원하게 잘 봤어요. ",astr****,19.09.10
16134070,2,유열의 음악앨범,이걸보느니 잠을한시간더자겠다 ,tom2****,19.09.10
16134069,7,목격자,살인자 보다 무서운건 방관자들..재미가 없진 않아요..볼만했음 ,jimi****,19.09.10
16134068,10,그것: 두 번째 이야기,영화잘만들어졌네 판타지영화 아역들이 넘 귀여웠다 어릴적 뮤서운 트라우마 잊고싶은기억 생각하면 작아지는 기억 다들 하나씩 갖고 있지  그런기억이 얼마나 무서운지...자신감을 갖고 떨쳐내자 그럼 무서움도 작아진다 ,imis****,19.09.10
16134067,10,그것: 두 번째 이야기,20여 년 전에 읽었던 지루한 원작 소설 때문에 면역력이 생긴 건지 영화는 엄청 재미있게 봤음! 1편의 내용과 바로 이어지니 관람 전에 꼭 1편을 다시 보고 보세요! ,gona****,19.09.10
16134066,6,그것: 두 번째 이야기,소나타 액센트 아반떼 연달아 나온다 ,yout****,19.09.10
16134065,10,위대한 쇼맨,서커스 흑인 누나 몸매 ㅗㅜㅑ ,qkra****,19.09.10
16134064,6,간신,"주지훈 김강우 연기력이 끄는힘은 상당하나, 선정적 장면을 줄이고 폭군으로써의 잔인한 장면을 늘렷다면, 훨씬 볼만했을듯. 너무 선정적인 장면이 많아서 오히려 벗은장면이 볼거리가 아니게 되버린 느낌 ",blac****,19.09.10
16134063,3,변신,헌혈해서 받은 티켓 썼는데.. 아 내 피ㅠ ,yout****,19.09.10
16134062,10,엑시트,심장이 쫄깃쫄깃 ~ 보시고 후회 할일은 절대없음 엑시트 천만 가즈아~~~♡♡♡ ,tjsg****,19.09.10
16134061,10,봄날은 간다,"이 영화보니 지나간 옛사랑의 대한 기억이 새록새록,,,잘지내고 있겠지?? ",kim8****,19.09.10
16134060,7,엑시트,속도감있는 전개로 지루하지 않았고 가족과 보기 좋은 영화 ,cjsd****,19.09.10
16134059,8,사자,보통 구마제 다룬 영화는 좀 무섭고 끔찍한 부분이 많은데 이 사자영화는 힘 빼고 편안하게 볼수 있고 악마 죽일때도 막 한방에 죽이는 시원시원한 액션도 재미 있었어요 ,hann****,19.09.10
16134058,10,바람의 소리,밀정 + 이미테이션게임. 그런데 더 몰입감있다. ,wgaw****,19.09.10
16134057,2,애프터,영화의 흐름이 뚝뚝 끊기는 느낌이 들었어요 뭔가 영화가 12345678910 단계로 흘러간다면 이 영화는 1 4 8 이런식으로 뜬금없이 내용이 전개되는 느낌이에요.. ,wwee****,19.09.10
16134056,9,분노의 질주: 홉스&쇼,영화 자체는 재밌는데 분노의 질주 시리즈의 그 수퍼카+스피드카액션이 중점으로 느껴지지 않아 살짝 아쉽네요 카액션은 악당 브릭스턴이 오토바이액션으로 다한듯 ,dlqj****,19.09.10
16134055,8,로드 투 퍼디션,재미 재미 재미 재미 재미있음 ,jump****,19.09.10
16134054,1,47미터 2,이걸 재밌다고 하는건 1편을 안보고 이걸 본거같다 ,cksd****,19.09.10
16134053,8,47미터 2,이거보고 잼나서 그것2도 봤는데 나이드니까 귀신보다 상어가 더 무섭네요 ㅋㅋ연출고 훨씬 좋고 잼났음 ,skyw****,19.09.10
16134052,1,그것: 두 번째 이야기,비급 공포영화 1편이 훨씬 낫다 걍 지루함 ,clcl****,19.09.10
16134049,9,캡틴 필립스,몰입도 긴장감 좋음 천조국 존나 멋있네 ,ksw2****,19.09.10
16134050,9,엑시트,"다보고나니 많이웃고,울어서 눈가가 따끔거렸네요 ",birt****,19.09.10
16134048,10,안녕 베일리,베일리베일리베일리베일리. 고마워 베일리.덕분에 나도 행복했어 ,keya****,19.09.10
16134047,9,라이온 킹,재밌었습니다 굳굳!! ,dlqj****,19.09.10
16134046,4,그것: 두 번째 이야기,중간 중간 어린애들로 바뀌어서 나오는 장면이 이 영화의 절반을 살린거 같다. SF? 로맨스? 신파? 공포? 도대체 이 영화 장르가 뭔지를 모르게 만듬  중반부터 스토리가 산으로 가고 마지막 페니 와이즈한테 하 ㅋㅋ 기가찬다  1이 진짜 볼만했던거다. ,ever****,19.09.10
16134045,10,타이타닉 2,2.22...와우  야 10자 ,ttur****,19.09.10
16134044,6,변신,초반은 그럴싸하지만 중반이후부터 엉망임...토익시험 볼때 초반에 공들여서 풀다가 마지막에 시간모잘라서 한번호로 쭉 찍는 느낌임ㅋㅋ ,s810****,19.09.10
16134043,8,봉오동 전투,마음이 먹먹합니다. 감사합니다. ,jabe****,19.09.10
16134042,8,사자,나름 재미있는데 왜 평점이 이러지? ,swin****,19.09.10
16134041,7,인턴,재밌다. 캐릭터들이 통통 튄다. 그러나 무얼 말하려는지 종잡을 수 없다. 결국 현실과는 동떨어진 판타지. ,zkzk****,19.09.10
16134040,10,봉오동 전투,"이런 독립, 애국 영화는 질리도록 봐도 된다고 봅니다. 이러쿵 저러쿵 요란한 나라일지언정 힘들게 되찾은 나라!! 선조님들께 또 한번 감사한마음드네요. ",free****,19.09.10
16134039,8,애프터,소설을 먼저 읽고 접해서 그런지 기대치에는 못 미쳤지만 영상미는 평균 이상입니다.  빠른 전개를 위해서 내용을 요약한 게 아니라  중간중간 내용을 아에 없어버려서 좀 아쉬웠습니다.  하지만 소설 때문에 볼려고 하시는 분은 꼭 보시기 바랍니다. ,bgo1****,19.09.10
16134038,5,진범,스토리가  뻔하고 결말이 별로네요. 실제로 저런사람이 있을까? 생각이 드는.. ,dydg****,19.09.10
16134037,10,클래식,너무 가슴 아프고 아팠던 영화. 끝내 이어지지 못한 두 사람의 인연이 슬프다. ,tnwl****,19.09.10
16134036,8,배심원들,짜임새 있는 구성과 뭉클한 사연 그리고 여운을 남기는 메시지.. 연기도 다들 훌륭한데 개인적으로 문소리가 정말 인상적이었다. ,wjsr****,19.09.10
16134035,1,그것: 두 번째 이야기,이 영화를 보고 암이 암에 걸렸습니다 ,jinh****,19.09.10
16134034,3,동키 킹,귀여움은 1도 없는 기괴한 캐릭터 대열전 ,bles****,19.09.10
16134032,10,유열의 음악앨범,최근에 본 영화중 띵작! 남녀주인공이 75년생으로 응답하라1991쯤될듯ㅋㅋ 노래좋았고 김고은 예뻤고 정해인 남자인 내가봐도 도데체 어떻게 그렇게 웃을수있는거임? 레알 ,nave****,19.09.10
16134031,8,그것: 두 번째 이야기,진짜 쩐다.. 그것1 봤으면 꼭 봐야하는 그것2 ,grac****,19.09.10
16134030,9,그것: 두 번째 이야기,고어를 좋아해서 그런지 매우 흡족해하며 재미있게 봤어요! 그리고 캐스팅 싱크로율도 너무 좋았어요. 다만 페니와이즈가 죽는 과정이 좀 허접했지만 공포심을 먹고 자라나는 존재기에 어느 정도 납득은 갔습니다! 중간중간 어린시절 나와서 넘 좋았어요ㅠㅠ ,alph****,19.09.10
16134029,10,미스 슬로운,배우도 매력있고 내용도 알차고 ,na_z****,19.09.10
16134028,6,크루즈 패밀리,가족들이 너무 부담스러워... ,frie****,19.09.10
16134027,1,카운슬러,"뭘 이렇게 어렵게 만드는지, 일도 이해 못함. ",elec****,19.09.10
16134026,7,엑시트,가볍게 웃으며 보긴 좋음 ,na_z****,19.09.10
16134025,8,엑시트,간만에 볼 만한 유쾌한 오락영화! ,vkd1****,19.09.10
16134024,2,목격자,"작가가 나무를 어지간히 좋아하나보다. 산으로 가는 전개, 산사태에 이어 뿌리 풀스윙까지. 목격자가 아니라 木擊者다 ",ns_c****,19.09.10
16134023,4,진범,발암영화 스토리 좋다친들 끝은 발암일세 ,woni****,19.09.10
16134022,8,사자,조금 말도안되는 부분 들에 피식 피식 웃음이 났지만 신선한 소재에 훈훈함까지 교회 열심히 다녀야겠어요 ,dbf0****,19.09.10
16134021,1,유열의 음악앨범,수많은 영화를 봤지만  평론가평점이 네티즌평점 뛰어넘는 수작은 첨본다.거의 천만영화급 평론가평점임.근데 영화본사람은 느낄꺼야 천만영화와 이영화의괴리감을...나는 문득 궁금해졌다 천만영화와 이영화의 괴리감을 매우는 것이 무엇인지?다들 알고 있지??^^ ,12h2****,19.09.10
16134020,1,엑스맨: 다크 피닉스,진심 이런 걸 망작이라고 하는 듯 여캐들 비중주려고 남캐들은 싹 다 무능하게 만들엇네 근데 영화가 워낙 망이라 여캐들도 이상해보이는 게 개그 ,ksan****,19.09.10
16134019,1,유열의 음악앨범,자기들끼리만 슬프고 사랑함 ,na_z****,19.09.10
16134018,10,추격자,다시봐도 분통터지고 짜증나게하는영화.결말을 알기에 더 슬프고 안타까운 영화.다시봐도 몰입도가...빠져나올수가 없네요. ,hs71****,19.09.10
16134017,10,봉오동 전투,네일베 알바들 화력 수준 하고는...ㅉㅉ 발악을 해도 대한민국 국민의 저력을 보았느냐?? 이거보고 재미없다 뭐 히어로 물이냐 퀄리트 운운하는 한국말 하는 쪽바리들은 제발 섬나라로 갔으면 좋겠다 너무 재밌게 잘봤습니다. 역사를 잊은 민족에겐 미래는 없다 ,qpty****,19.09.10
16134015,2,변신,"영화는 악마에 홀린 가족들의 변신, 나는 악마에 홀려 이 영화를 본 피융신.... ",goqq****,19.09.10
16134014,8,47미터 2,연출이 맛깔남 GOOD ,guip****,19.09.10
16134013,2,봉오동 전투,소재는 좋으나 내용과 구성이.. ,egoc****,19.09.10
16134010,1,목격자,재난영화의 새로운 장르!!! 연쇄살인에서 산사태영화 겁쟁이 남주가 갑자기 캡틴아메리카가 되고 범죄자가 잡혔음에도 끝까지 의심하던 유능해보이던 대머리 형사는 결국 아무것도 못하고 웃으며 커피한잔먹고 겨울이옴 이게머야 OO ,malj****,19.09.10
16134009,10,암전,개꿀잼인데ㄷㅏ들 OO들이지 ,kjyj****,19.09.10
16134008,10,분노의 질주: 홉스&쇼,최고ㅋ.ㅋ.ㅋ.믿고보는 ,push****,19.09.10
16134007,10,광대들: 풍문조작단,평점을 보니 감독이 노린 건 이런 거인 듯 ,jass****,19.09.10
16134005,10,진용,이 짱깨영화는  인정한다 ,like****,19.09.10
16134004,10,말모이,인상깊은 영화. 정말 주변사람들이 꼭 봤으면 좋겠습니다. 본지 오래되었지만 이제야 평가 남기네요 ,seoy****,19.09.10
16134003,7,더 비지트,영화를 다보고나니 왜 외부인이 올때 집에 할머니 할아버지가 밖에 있는지. 왜 싸웠는지 이해가됨. 근데 그냥 보고나면 짜증나는 영화. 그냥 짜증남.추천은 하는데 그냥 짜증남. 몹시 ,xogn****,19.09.10
16134002,1,바람의 소리,과대평가 받는 작품인 듯. ,jeon****,19.09.10
16134001,7,메이즈 러너: 데스 큐어,예상이 가는 전개였지만 나름 괜찮은 3부작 ,iamr****,19.09.10
16134000,10,그린 마일,"이렇게  잘 만들다니, 존 커피 그 덩치에 순둥한 얼굴이라니, 갓띵작  이제야 완전히 봤네요 ",k197****,19.09.10
16133999,10,의뢰인,하정우팬인가 장혁팬이었던가 햇갈리네 ,kind****,19.09.10
16133998,2,협상,아.. 나름 욜심히 한거 같지만. 영화가 너무 개연성도 없고... 재미도 없고. 절대 극장가서  볼 영화늠 아닌듯 ,dark****,19.09.10
16133997,1,그것: 두 번째 이야기,페니와이즈 아가리에 흡수된 착한 소녀는 구원되지 못한 채 그대로 페니와이즈 몸 속에서 체세포가 함께 쪼그라들다 돌덩이가 되어버린 운명을 맞이한 건가요... 진짜 미친 영화. ,eilo****,19.09.10
16133995,10,나를 찾아줘,끔찍한 결혼의 굴레를 정말이지 끔찍한 사건과 연루시켜버리다니... 결혼을 할거라면 이정도 각오는 하고 해야겠다. ,taki****,19.09.10
16133994,10,내 여자친구를 소개합니다,오늘 첨 보고 폭풍 오열 ㅜㅜ 이 영화 이 시절 갬성 너무 좋음 ,astr****,19.09.10
16133993,1,목격자,육퇴하고 두시간동안 본 아까운 시간.... 그래도 여기 댓글보고 웃으니까 됐다ㅜ ,yulm****,19.09.10
16133992,5,그것: 두 번째 이야기,"아, 싸인은 됐어요. 결말이 별로라. ",cyw7****,19.09.10
16133991,4,그것: 두 번째 이야기,나오는 배우들이 다아는 배우들 ㅋ 초호화 캐스팅에 놀라고 올드한 연출과 유치한 스토리에 놀람 1편 보고 보시길 추천 1편까지가 적당한데 2편은 좀힘이 들어가서 이것도 저것도 아님 15세 코믹 sf 장르 ,skyw****,19.09.10
16133990,8,메이즈 러너: 스코치 트라이얼,후속편은 기대를 안하고 보기에 더 재밌게 본 거 같다. 우다다다다 달릴때 쾌감이 느껴진다. ,iamr****,19.09.10
16133989,10,클레멘타인,추천해준 친구에게 감사의 인사를.. ,ficy****,19.09.10
16133988,8,말할 수 없는 비밀,딱~ 여기 까지만! 이라고 할 수 있다. ,wooj****,19.09.10
16133987,6,변신,중반까지는 볼만 함. 소재 신선하고 괜찮았는데 중반 이후 스토리 급무너지고요.. 차라리 가족끼리 서로 의심하고 헷갈려하는걸로 갔으면 괜찮앗을텐데. 작가님 감독님 뒷부분 힘이 딸리셨나봐요 ,chlt****,19.09.10
16133986,1,그것: 두 번째 이야기,하품 오지게 했누 일단 장르 판타지 맞죠? 그냥 공포게임 하나 본거같음 개연성 수듄 내용 수듄 ,toql****,19.09.10
16133985,2,목격자,고구마 1000개 도 모자라는영화 ,dkma****,19.09.10
16133984,1,기방도령,이 출연진으로 영화를 이렇게밖에 못 만들다니 안타깝! ,cmhn****,19.09.10
16133983,8,반딧불이의 묘,"가진 것 없는 사람이 지킨 자존심 만큼 무책임하고 무서운 것이 없구나.. 일본도 전쟁의 아픔을 가지고 있구나. 꼭 일본의 이야기로만 보기보다 한국에서도 비슷한 일들이 많았는데, 그 때 우리 조상들의 아픔을 이 영화로 다시 한번 생각해본다. ",taki****,19.09.10
16133982,4,47미터 2,1편이 더 재밌는것같음.그냥 킬링타임용 영화 ㅋㅋㅋ 상어들이 눈이 안보여 소리로 알아채는데 처음부터 끝까지 주구장창 소리지르는 주인공들 속터져 죽을뻔 ㅋㅋㅋ재미는없는데 놀래긴 놀램 ,hoya****,19.09.10
16133981,10,엑시트,이거 분명 소방서나 학교 안전 교육시간에 클립영상 틀어준다 교육적으로 유익하고 재밌어ㅋㅋ ,ghwj****,19.09.10
16133980,8,그것: 두 번째 이야기,"롤러코스터 한 바탕 탄 느낌, 스토리는 좀 빈약했다 ",cher****,19.09.10
16133978,1,봉오동 전투,국뽕 빼면 볼 것도 없네 스토리 좀 잘하지 전부 홍길동이야? 동에 번쩍 서에 번쩍 지들은 작전 짜는데 우린 알아 먹을 수가 없어 최소한 전체적인 동선은 보여 줘야 하는 거 아냐? ,kiri****,19.09.10
16133976,10,위대한 개츠비,인생영화.. 편집 연출 촬영 연기 완벽 ,infi****,19.09.10
16133975,10,비긴 어게인,다시보니까 또 다르군 ㅎㅎ 굿잼 ,endl****,19.09.10
16133974,8,유열의 음악앨범,스토리의 개연성이 부족해 몰입도가 확 떨어지는 부분이 몇 군데 나오는데 그것 빼고는 괜찮았다. 두 배우의 연기력과 비주얼이 너무 좋았다. 옛추억과 연예의 감정이 새록새록 떠올라 좋았고 가슴 따뜻해지는멜로영화인것 같다. ,hshk****,19.09.10
16133972,10,그것: 두 번째 이야기,잘 만든 호러 영화입니다. 이해력이 딸리면 재미가 없을 수도 있음. ,clin****,19.09.10
16133973,10,클래식,이 때 즈음 감성은 진실하고 와닿음 ,mati****,19.09.10
16133971,8,극장판 헬로카봇 : 달나라를 구해줘!,자서 내용은 ㅡ 우리아이 반응보니 그럭저럭 한듯 ,kili****,19.09.10
16133970,10,신과함께-인과 연,죄를 인정하고 용서를 구하는것 가장 큰 교훈입니다 ,lds1****,19.09.10
16133969,6,그것: 두 번째 이야기,전편만큼 시선함은 없었지만~~볼만은 했어요~~^^ ,jsun****,19.09.10
16133968,8,극장판 헬로카봇 : 달나라를 구해줘!,애들은 몰 보나 좋아하드라구요~ 내새끼가 좋아하니 점수는 업업 드립다! 솔직히 저는 한참 졸았습니다 미안해 아들들아ㅋ ,bigm****,19.09.10
16133967,1,곤지암,이거 웃으면서 봄.그레이브 인카운터 거의 베낌 ㅋㅋㅋ 내가 네이버에 생안까고 처음으로 1점 매긴 X쓰레기 영화.(공포물 매니아로) 이거 아직 안 본 분은 그레이브 인카운터를 먼저 보고 이거 보시는 거 추천함.얼마나 개떡인지 아실겁니다. ,kk2d****,19.09.10
16133966,8,엑스맨: 다크 피닉스,Pc즘 땜에 말아먹은듯 그래도 8년동안 재미있게 봤으니 8점준다 근데 인순이는 언제 스톰으로 캐스팅됫냐 ,fufu****,19.09.10
16133965,10,"불량소녀, 너를 응원해!",감동 감동 대 감동!! 불가능은 없다이루지 못할 꿈은 없다!!응원받았어요ㅠㅠ눈물펑펑 흘리며 봤어요 ,hanm****,19.09.10
16133964,10,소스 코드,열차에서 마지막 장면은 정말 가슴이 아프면서도 감동적이였어요 ,ysi9****,19.09.10
16133963,10,알라딘,최고의 영화입니다 이런 영화 이젠 없을겁니다 ,skym****,19.09.10
16133962,1,분노의 질주: 홉스&쇼,알바몇명 풀었냐 할리우드 미쳤네ㅡㅡ 8분 동안 밤낮이 바뀌질안나;; ,rejo****,19.09.10
16133961,9,엑스맨: 다크 피닉스,기대안하고 봤는데 나름 재밌게 봤네 ㅎㅎ ,sung****,19.09.10
16133960,10,더 비지트,적당히 무섭고 적당히 재밌음 ,baby****,19.09.10
16133959,8,엑시트,큰 기대는 안했는데 이 정도면 좋습니다. 볼 만 해요. ,donz****,19.09.10
16133958,1,봉오동 전투,예전에 독립하던 사람 신고하던 빨갱이들이 친일하다가 지금 다시 독립투사 운운하면서 나라 팔아먹는다 세상은 정직하고 의로운 자들은 뒤통수를 맞는게 수순인가보다 더러운 세상 ,daha****,19.09.10
16133957,1,헌팅 오브 힐하우스,댓글 확인하고 봤어야 했는데 ㅠㅠ ,kkyk****,19.09.10
16133956,9,유열의 음악앨범,신랑하고 싸우고 혼자 본 영화인데 전 기대안하고 봤지만 너무 몰입감 있었어요..! 눈물도 찔끔나구요!!! 보고 나서 ost도 찾아 듣고 있어요 ~!추천합니다 ,asdf****,19.09.10
16133955,8,선샤인,1호선장 등장으로 모두 불만이신데 쫌 뜬금없긴하지만.극한상황에 내몰려 미쳐갔고 방사능에 살아남은 좀비가 되었다고 이해합시다. ,emot****,19.09.10
16133954,10,유열의 음악앨범,재미없다는 악플보고 기대안하고 봤는데 덕분에 재밌게 잘봄 ㅋㅋ ,la_h****,19.09.10
16133953,10,룸,방구석1열에서 2번째 봤는데 정말 인상적인 작품입니다... ,ko75****,19.09.10
16133951,6,벽 속에 숨은 마법시계,명분도 없고 스토리도 없고 재미도 없고 ,ukki****,19.09.10
16133950,10,안녕 베일리,강아지 키우시는 분 꼭 보세요 ㅜㅜ 슬프기도 하지만 감동적이고 마음 따뜻해지는 영화. 그리고 헨리 연기 최고! 진지하게 보다가 웃음 나는 장면도 있지만? 좋았어요 ㅋㅋ 일단 트랜트 역할이 넘 멋있었어요! ,rrns****,19.09.10
16133949,7,그것: 두 번째 이야기,분명히 잘만들긴 했지만 딱 집에서 치킨뜯으면서 티비로 볼만한 영화인거 같아요 시종일관 전체적으로 너무 어두워서 답답해 미칠거같았고요 이거땜에 영화자체가 B급으로 느껴진건 덤 특히 마지막에 그렇게 해결할거면 친구한명은 왜 더 조진건지 이해가안돼요 1편승 ,vert****,19.09.10
16133947,1,목격자,이게 관람객 평점이 7.56이라니;; 난 심지어 영화관에 가서 봤음. ,happ****,19.09.10
16133946,2,박화영,"양아치들 담배피고 욕하고 진상부리다 끝나는 영화 배우들 연기가 좋았어도, 현실을 리얼하게 묘사하였다하여도  보고있으면 기분만 나빠지고 재미도 감동도 없으며 작품의 메세지도없는것같다 ",yoyo****,19.09.10
16133944,1,유열의 음악앨범,너무 억지스럽게 짜낸 멜로물... 보는 제가 다 부끄럽습니다 ,yhji****,19.09.10
16133943,10,목격자,초반에 겁나 무서워서 ㅜㅜ 계속 생각났음 ,whit****,19.09.10
16133942,8,고스톱 살인,생각보다 재밌네? 2탄 ㄱㄱ~ ,kang****,19.09.10
16133941,10,그것: 두 번째 이야기,서양 공포영화의 특유의 진부함은 어쩔수가 없는듯. 애나벨 컨저링 다 똑같이 클리셰 덩어리인거 감안하고 보면 볼만함! 공포영화는 스토리 포기하고 그냥 놀라는 맛에 감상하게된지 오래라..  그냥 벤 맡은 제이 라이언의 발견임.  대존잘 미드 몰아서 보고옴 ,sych****,19.09.10
16133940,6,목격자,괜찮았는데 그렇게 별론가? 강아지는 좀 의문이지만 ,yang****,19.09.10
16133939,10,버블 패밀리,잘 봤습니다. 다음 작품 기대할께요~~ ,yasi****,19.09.10
16133937,10,쌍화점,배우들의 열연이 기억에 남는 영화 ,narm****,19.09.10
16133936,10,유열의 음악앨범,아내와 함께 보며 연애의 감정이 새삼 느켜지게하네요.잘 봤어요 ^^~ ,5331****,19.09.10
16133935,1,목격자, 여윽시 견찰새기 개발암 왜있는거냐 대체 ,doob****,19.09.10
16133933,10,목격자,평론가들 뭘 안다고 씨부리~~10점자리 영화다~~현실 백퍼인듯~~ ,5021****,19.09.10
16133932,10,서편제,부산살다 대구로 이사가서 극장에서 혼자 처음 본 영화. 그날이후 26년만에 다시보니 감회가 새롭네! 외국인들은 이해못할 한국인만 공감할 영화인듯.. ,ravi****,19.09.10
16133931,10,너의 결혼식,간만에 잼있었다역시 박보영 ,this****,19.09.10
16133930,10,유열의 음악앨범,"저는 재밌었는뎅,,, 개연성이 좀 부족하긴 한데 정해인이 김고은 탄 차 따라가는 장면에서 울컥했어여 ㅠㅠㅠㅠ 개인적으로 다들 재미없다고 그러길래 기대안하고 봐서 그런가 재밌었어요 ",thwn****,19.09.09
16133929,1,사자,박서준이 아빠만나각성해서 휴먼토치가 되어 우도환이랑 기둥사이에서 시빌워 재현하는 마포불주먹의스토리 ,blee****,19.09.09
16133928,1,최종병기 활,극장에서 보는내내 아포칼립토 생각난영화ㅋㅋ도망가는거 죽이는거랑 절벽떨어지는거+재규어대신 호랑이나올때는 말잇못 갑자기 생각나니까 짜증나서 평점남기러옴 ,rosk****,19.09.09
16133927,1,목격자,...내시간.... ,siss****,19.09.09
16133926,1,목격자,하.. 영화 진짜.. .. ,joko****,19.09.09
16133925,9,아르고,거짓말 같은 실화.. 정말 긴장감 넘치는 영화 ,holi****,19.09.09
16133924,10,너의 결혼식,먹먹하기도 하고 한동안 여운이 가시질 않는다. 고마웠어 ,seyy****,19.09.09
16133923,10,문영,"김태리, 그리고 정현 두 배우의 연기가 무엇보다도 빛났던 영화였다. ",gree****,19.09.09
16133922,9,안나,구성과 스토리가 잼있었어요! ,lmh8****,19.09.09
16133921,10,너의 결혼식,30후반에 이 영화를 보니 아련하지만 아름다운 옛기억이 떠오르네요.. ,rlat****,19.09.09
16133920,10,안녕 베일리,강아지를 좋아하는 사람이라면 이 영화는 놓치지 마세요 티슈 몇장 챙겨가는거는 필수 ㅜㅜ 영화관 팝콘코너에서 좀 가져갔는데 다 적시고 나옴 ,tmdd****,19.09.09
16133919,9,알라딘,나오미스콧만 자꾸 눈에띄네~  재밌었지만 그저그런듯 ,bogr****,19.09.09
16133918,3,너의 결혼식,박보영 말곤 볼거 없어요 ,0o9i****,19.09.09
16133917,1,목격자,이게 나라냐? 댓글 첨 달아봄 보다 보다 빡쳐서 ,pant****,19.09.09
16133916,10,유열의 음악앨범,비오는날 생각나는 영화♡OST가 넘 좋았어요!!!  옛추억도 생각나고 첫사랑도 생각나게하는 감성멜로~ ,jejj****,19.09.09
16133915,10,스타 이즈 본,인생영화..꼭보세요 ,hisk****,19.09.09
16133914,6,목격자,저도 발암에 답답하기 그지없었는데 다르게생각하면 영화라서 사이다만 있는거 현실에선 발암캐릭이 워낙많으니 오히려 현실적인 영화라볼수도있음ㅋㅋㅋㅋ이성민 연기는 개지림 ,jsjs****,19.09.09
16133913,6,목격자,산사태 뭔데ㅋㅋㅋㅋ진짜 산으로갔네요 ,rksg****,19.09.09
16133912,2,목격자,감독님이 우면산 산사태가 디게 인상적이었나봐요??? ,here****,19.09.09
16133911,10,봉오동 전투,총알 안맞는게 비현실적이라는데 영화를 극사실에 맞춰 만들어야하는거임?결론은 실제랑도 맞잖아? 이겼잖아 ㅋㅋㅋㅋ과정은 과장되게 표현할수 있는거다빡머갈들아 ,cyu2****,19.09.09
16133910,10,변신,"정말 재미있어요.초반부터 스릴있고 몇몇분들이 후반에 개연성이 떨어진다는데, 전혀 그런점 없이 영화 완성도 높다고 생각합니다. ",tnat****,19.09.09
16133909,10,걸캅스,배우들 케미 진짜 좋앗어요!쏘쏘쏘굿!이렇게 재밌는걸 왜 지금 봣을까ㅠㅠ ,xian****,19.09.09
16133908,10,분노의 질주: 홉스&쇼,여태껏 한껏 지루했던 분노의질주 시리즈를 홉스앤쇼가 완전 살려놨다! 하지만 러시아 마피아는 완전 미스캐스팅. 마피아 포스는 없고 그냥 술집 여자들 ㅋㅋㅋ ,i-la****,19.09.09
16133907,10,수상한 교수,난.... 그냥.. 좋게봤어 진짜로 ,kim7****,19.09.09
16133906,1,목격자,아쉽지만 삼류같네요. ,isza****,19.09.09
16133905,1,목격자,주인공 경찰 다 진짜 답답하고 엔딩도 너무 어이없음 안 보는게 나을듯 ,junn****,19.09.09
16133904,8,고봉수 감독 단편선,험악하고 더러운 뒷골목에사는 좋은사람들 ,won4****,19.09.09
16133903,1,목격자,별점 반개도 아까움. 내 시간 투자해서 본게  아까울 정도 ,tlrd****,19.09.09
16133902,10,유열의 음악앨범,군인 남자친구랑 봤는데 중간중간 눈물 꾹참고 보다가 후반 끝날때 쯤에 눈물 터졌습니다ㅠ 예고편도 안보고 기대안하고 봤는데 애틋하게 정말 잘만들었어요 스토리가 이상하다고 하는데 저는 스토리 생각 하나도 없었고 설렘만 가득했네요 여운이 엄청납니다 추천해요 ,dusr****,19.09.09
16133900,8,엑시트,완전 손에 땀을 쥐고 봤네요. 재밌습니다. 소재도 독특하고요. ,jse1****,19.09.09
16133898,2,목격자,한심한 영화네요 공짜로봐도 짜증나네요억지스러운 영화 헐~~~ ,syc2****,19.09.09
16133897,10,볼트,인생영화 너무 재밌다 정말 ,rayo****,19.09.09
16133896,1,그것: 두 번째 이야기,영화 쓰레기임 저 배우진을 가지고 저딴 영화를 만들었다는게 참.. 뭘 얘기하고싶은지는 알겠으나 3시간짜리 영화에 다 못담아낸 또라이영화 ,jiyo****,19.09.09
16133895,5,아쿠아맨,보다가 재미 없어서 딴 생각함. 영화가 흡입력도 없고 유치하고 세련된 느낌이 없음. 악평하기 싫지만  재미도 없고 감동도 없음... 어린이들이 보면 좋아할런지. ,dnjs****,19.09.09
16133894,2,목격자,감독님 자질이 의심스럽다 ?기술배우세요 ,donk****,19.09.09
16133893,10,그것: 두 번째 이야기,리치불쌍해 ㅜㅜ .... ,plus****,19.09.09
16133892,10,광대들: 풍문조작단,완전재밌었어요! 역사적 해석이 남달랐다고 생각했습니다! ,wife****,19.09.09
16133891,10,서약,저도 남자주인공처럼 아내를 사랑할 수있을까요ㅜㅜ ,ripl****,19.09.09
16133890,2,목격자,넘 짜증난 영화 스토리꽝 ㅇ점 ,smet****,19.09.09
16133889,10,브레이킹 던 part1,이번 시리즈에선 에드워드 미모가 다 했..심장 폭격당함ㅋ ,yhuw****,19.09.09
16133888,1,변신,중딩용ㅋㅋ 그냥 이건 뭐ㅋㅋㅋ ,hyuk****,19.09.09
16133886,10,말할 수 없는 비밀,정말 재밌어요~!! 강력추천!!!! 안보신분들 꼭! 보세요!!! ,kkam****,19.09.09
16133887,2,목격자,하도 열받아서 쓴다 별 그지같은 영화다보네보는 내내 답답+짜증 최악의영화다 ,kech****,19.09.09
16133885,10,롱 리브 더 킹: 목포 영웅,아무 생각 없이 킬링타임으로 봤는데엄청 재밌네 ,good****,19.09.09
16133884,1,목격자,이사람들은 집에 칼이없냐 ,0920****,19.09.09
16133883,10,잉글리쉬 페이션트,원작에서 아름다운 로맨스만 뽑아낸 영화 ,hugo****,19.09.09
16133882,2,목격자,암유발..일부러 암유발.. ,hyuk****,19.09.09
16133880,1,목격자,진짜 별반개도 아까운 역대급 암걸리는 영화다그냥 욕밖에안나오는 작품 ,oooo****,19.09.09
16133881,2,애나벨 집으로,늑대인간 때문에 1점준다 . 진짜 다 괜찮은데 늑대인간 나오고부터 웃음참기였다.... ,lkjh****,19.09.09
16133878,10,인 타임,자본주의 현대 사회를 풍자 ,saga****,19.09.09
16133876,10,스카우트,개인적으로 너무 좋아하는 영화라 10번도 넘게 봤는데임창정이 마지막에 경찰한테 잡혀서 선동열 계약 못 하는건 볼때마다 너무 안타깝다임창정 엄지원의 캐미가 좋음 ,volt****,19.09.09
16133875,1,극장판 헬로카봇 : 달나라를 구해줘!,일본어로 된 자격증장면 실화냐? ,somi****,19.09.09
16133874,1,목격자,머하노 도어락이고 .... 숨바꼭질이고... 경찰을 안불러 ,wpru****,19.09.09
16133873,10,쇼생크 탈출,"삶에 지칠 때마다 보고싶은 영화. 인생을 브룩스처럼 살 것인가, 레드처럼 살 것인가? ",jiin****,19.09.09
16133872,1,목격자,댓글 웬민하면 안 다는데...더럽게 재미없어서 글 남긴다! 제발 보지마세요!!! ,deat****,19.09.09
16133871,2,목격자,별  반틈은 없냐  ?스릴러 영화중  OOO기  암걸리고 싶으면  보세요  현실성  완전 제로 ,iopq****,19.09.09
16133870,1,아빠는 딸,알바생들이 많나봐요..뻔한 스토리에어색한 연기영화가 너무 허접해요..비추 ㅜ ,zxcv****,19.09.09
16133869,7,블라인드 멜로디,오      재미 있네     마지막여운   남아  몰입감이 있어서 자꾸보게돼네 ,docg****,19.09.09
16133868,1,유열의 음악앨범,솔직히 평점이 높아요. 7점이 적당하겠는데. 그냥 아주 재미없지는 않고  잔잔~하게 볼만했어요. 정해인이... 참 잘생겼어요. ,taer****,19.09.09
16133865,10,안녕 베일리,기분 좋게 가슴 따뜻해지는 힐링 영화~나에게도 베일리같은 최고의 친구가 있슴 좋겠다 ,lena****,19.09.09
16133866,10,엑시트,1점준애들은 남 알바 의심이아니라 자신 감성이 별난게 아닌지 의심부터 해봐라 ,dark****,19.09.09
16133864,8,너의 결혼식,인생에서 반드시 피해야 할 인연. 남자는 거의 평생에 걸쳐 목숨까지 걸면서 헌신하고 기다렸음에도 남자가 힘들어서 한번 말실후한 걸로  여자는 맘을 바꿔먹어버리네. 지는 평생 받기만 해놓고 남자의 실수 그 한번을 안봐줌. 진짜 이기적인 캐릭터. ,qkrw****,19.09.09
16133863,1,도어락,노잼!! 진짜 답답하다 경찰이랑 좀 같이가라 ,wpru****,19.09.09
16133862,10,봉오동 전투,"봉오동 전투가 어떻게 전개됬는지 과정을 알게 되어서 좋았고, 배우들의 생동감 넘치는 연기 덕분에 영화 보는 내내 긴장의 끈을 놓을 수 영화였습니다.~ ",kgr0****,19.09.09
16133861,1,비밀,시바 이게 영화냐? 시바 그게 연기냐? 시바 감독 연출 배운거 맞냐? 시바 각본이...  시바시바시바...감독 시바 밥팔아서 똥사먹어라. 1점도 아깝다 ,hobu****,19.09.09
16133860,10,가디언,마지막에 감동 진짜ㅇㅇ ,ans2****,19.09.09
16133859,10,헬보이,옛날헬보이가 최고 2019헬보이 짜증남 ,oj77****,19.09.09
16133858,7,목격자,밑에 것들 영화를 보고 별1개 주는가냐? ,dibo****,19.09.09
16133857,10,봉오동 전투,대한독립만세 마지막 태극기 찡하다ㅠㅠ ,leej****,19.09.09
16133856,10,엑시트,기대 안하고 봤는데 정말 쫄깃쫄깃 손발저려서 혼났어요 ㅎ 엄마도 너무 재밌어 하시고 시간 가는줄 모르고 봤습니다 추천! ,8459****,19.09.09
16133854,10,변산,이런 영화가 더 많이 생겼으면 ,bori****,19.09.09
16133853,1,반드시 잡는다,반전을 주고 싶었던것같은데 알고보니 아니였고 알고보니 아니였고 를 반복한다고 반전의 의외성이 생기는게 아님. 개연성만 없고 거기다 잔인함 끼얹는다고 재밌어지는것도 아니고. 멀쩡히 수사하고 싸우던 사람이 치매환자로 드러났을때 장르 개그인줄 ,saus****,19.09.09
16133852,10,안나,안나가다햇습니다정말꿀잼 ,skr4****,19.09.09
16133851,7,유열의 음악앨범,"아주 잘만든 영화는 아니지만, 볼만한 멜로영화. 개연성이 없다는 비판이 많은데 친절하게 설명해줘야만 캐릭터의 감정을 느끼는 관객의 한계. ",ckdq****,19.09.09
16133850,2,임금님의 사건수첩,정해인 나온데서 돈주고 다시보기 했는데참 재미없다.. ,chtt****,19.09.09
16133848,8,더 로드,왜 그풍족한 지하에섬나왔을까 최소 10년은 버틸수있었을텐데 쯧쯧 ,dogy****,19.09.09
16133849,4,극장판 헬로카봇 : 달나라를 구해줘!,그랙픽은 좋았는데애들이랑 극장가서 간만에 졸았네요.초1아들은 잼없었다하고 6세아들은 그래도 끝까지 집중해서 봤어요.크게 감흥없었나봐요. 스토리 엉성하고 산만한건 저만 느낀게  아니었군요. ,hs83****,19.09.09
16133847,10,벌새,아련하고 슬프지만 꿋꿋하게 앞으로 나아간다. 섬세하고 단단한 영화 ,sero****,19.09.09
16133846,2,그것: 두 번째 이야기,3시간이 열시간인줄~영화보다 시계를더많이보게되는영화 ,end6****,19.09.09
16133845,5,그것: 두 번째 이야기,러닝타임이 너무 길어요.. ,tong****,19.09.09
16133844,10,유열의 음악앨범,정말 푹 빠져서 봤네요... 그시절 감성폭팔 ,iski****,19.09.09
16133842,1,변신,"퉷. 모든 장면에서 인물들의 부자연스러운 퇴장. 개연성 없는 전개. 주연배우 외에는 M본부 서프라이즈 재연배우급 연기력으로 집중력 저하는 기본, 대부분의 씬들도 서프라이즈급 연출력임. 검은사제들 느낌 기대하고 보면 걍 폭망. ",amje****,19.09.09
16133841,9,그것: 두 번째 이야기,1편과는 전혀 레벨이 다르네요~ 훌륭합니다!! ,lhcl****,19.09.09
16133840,10,목격자,@#~/^&*+×÷ ,shsh****,19.09.09
16133839,10,스파이더맨: 뉴 유니버스,우와 연출대박이네 진짜 대박 ,siny****,19.09.09
16133837,1,유열의 음악앨범,개연성이 마이너스 수준이라 도저히 영화에 집중이안됨. 중요한 김밥후키스 장면에서 갑자기 졸림. 영화 제목은 유열의 음악앨범인데 걍 시대바뀔때 사연이나 노래하나 틀어주고 마지막은 억지ㅋ 영화내내 드는 생각은 정해인 잘생겼다 뿐임. 넘나 대충만든 영화^^ ,seun****,19.09.09
16133836,10,봉오동 전투,절대 잊지 않겠습니다 죄송합니다 그리고 정말 감사합니다-16살 학생 - ,tkac****,19.09.09
16133835,1,극장판 헬로카봇 : 달나라를 구해줘!,이게 박스오피스 현 1위라니 ㄱㅋ 타이밍 잘 뚫고 왔네요 개봉작 하나도 없을때 딱 들어옴ㅋㅋㅋ ,ugki****,19.09.09
16133834,2,사일런스,빵점짜리영화입니다.도대체ㅠ ,2j92****,19.09.09
16133833,10,안녕 베일리,강아지를 키우는 사람이라면 꼭 봤으면 좋겠어요. 마음 따듯해지는 영화 ,sbtm****,19.09.09
16133832,10,내겐 너무 사랑스러운 그녀,라스의 마음에 공감합니다. ,97ju****,19.09.09
16133831,3,유열의 음악앨범,작위적인 요소와 억지 스토리가 명품 배우들의 연기를 다 망친다. 그나마 배우들 보고 3점 드림 ,dese****,19.09.09
16133830,7,배심원들,판사가 문소리 였다니 정말 팔색조 맞구만 영화정보보고 알았음 ㅎㅎ법의 기본정신을 알리기에 좋았는데 많은 사람들이 못 봐서 아쉽다 ,troz****,19.09.09
16133828,10,그녀,인생 최고 영화 중 하나로 올라갑니다 ,hee7****,19.09.09
16133827,10,정,최고로 힘든시기의 휴식기중 최고의 위로를 받은 문학작품♡♡존경합니다 ,s951****,19.09.09
16133826,10,아저씨,아직 한 발 남았다! 넘넘넘넘 ,zhrm****,19.09.09
16133825,8,죽거나 혹은 나쁘거나,"꾸미지 않고, 아주 현실적이다. ",alqu****,19.09.09
16133824,10,너의 결혼식,라ㅏㅇ느루라ㅏㄷ아ㅜ루 ,ljhj****,19.09.09
16133823,9,유열의 음악앨범,마음이 맑아지는 영화였어요^^  이런 영화가 많이 나왔으면 좋겠네요~ ,jeki****,19.09.09
16133822,8,그날의 분위기,이 영화를 보고 리뷰를 보면서 다시 한번 느끼지만 역시 잘 생기고 멋진 남자가 던지는 성적멘트는 로맨스고 그렇지 않으면 성희롱이 되는구나.오늘 안희정지사가 최종유죄판결을 받았는데 이 영화가 2015년이 아닌 올해 나왔더라면 아주 난리 드립이 났겠는데 ,jjhy****,19.09.09
16133821,10,레드슈즈,노래도 좋고 영화도 재미있었어요. ,doyl****,19.09.09
16133820,6,유열의 음악앨범,"영화보는내내 간질간질 설렘이 느껴졌는데 중간중간 빼먹은 스토리 연개, 뭔가 편집을 잘못한 느낌..??? ",tdds****,19.09.09
16133819,10,박화영,정말 리얼 그 자체 저는 진짜 일찐들 데려와서 그냥 다큐 직는지 알았어요 그정도로 연기가 리얼... 김가희 배우님을 이 영화에서 처음 봤는데 앞으로도 많은 작품 하셨으면 좋겠어요... 연기가 장난아니심 진짜 배우.. ,nsm3****,19.09.09
16133818,1,유열의 음악앨범,무슨영화인지모르겠음 ,xxx7****,19.09.09
16133817,1,변신,변신이 아니라 벼ㅇ신 아닌가요? ,ehrk****,19.09.09
16133816,6,암전,스토리 엉성한데 시간은 잘 간단 말야 희안해 서예지 연기 스팩트럼 넓힌점에서 점수 주고 싶다 ,troz****,19.09.09
16133815,10,천로역정: 천국을 찾아서,인생 최고의 영화였다..난 개독이라 욕하는 사람들을 비판하지 않기로 했다.그들이 언제 주님을 만날지 때가 안된것 뿐이다. ,jesu****,19.09.09
16133814,8,그것: 두 번째 이야기,1편보고 2편 보세요.그냥 무작정 2편만 보면 별루임1편을 보고 2편에서 성장한 아이들의 모습을 봐야 더 재밌음 ,vlsj****,19.09.09
16133813,10,나의 특별한 형제,아직도 가슴이 뭉클해요.. ,dddd****,19.09.09
16133812,10,겨울왕국,처음에 생각했던것보다 재밌게 봤어요~~ ,alfo****,19.09.09
16133811,2,동네사람들,아니 좀 고민도하고 생각도하고 영화를 만들어요 1차원적 사고는 누구나 하지 힘들게 공부하고 귀한 배우들 모셨으면 영화를 찍어야지 어디 3류에도 못비빌 이런 70년대 연출이냐고 능력이없으면하질미제발 힘들게 투자받아서 이렇게감 없으면 뭐해먹고살래 ,tsur****,19.09.09
16133810,5,사자,검은 사제들 하고 비교를 안할래야 안할수가 없네 아예 액션으로 갈거면 차라리 아저씨처럼 액션 연출에 신경 좀 쓰지 어설픈 액션씬에 소년만화에 나올법한 아버지 등장으로 각성해서 악을 물리치고 유치함의 극치임 ㅋ ,stkm****,19.09.09
16133809,10,주토피아,너무 재밌어요 닉와일드♡♡ ,alfo****,19.09.09
16133808,10,어바웃 타임,잊고있었던 교훈을 다시 일깨워주네요 ,gooo****,19.09.09
16133807,1,건달티처,뭐냐 이건...와 씨 진짜 이건 아니잖아..저예산이고 뭐고 연출이며 스토리며...참나 기가차네...카메라 앵글...진짜 쪽팔려서...이런걸 영화라고...어떻게 내놓을 생각을 한건지... ,pslo****,19.09.09
16133806,10,라따뚜이,너무 재밌게 봤어요~~ ,alfo****,19.09.09
16133803,1,변신,님들 꽁짜로 영화 본건데 시간 아까워 디질꺼 같아요 저만 그래요 ? ,qken****,19.09.09
16133802,10,존 윅 - 리로드,톰형 긴장해야 겠다. 미션임파서블×존윅 콜라보 기대해본다. ,jh__****,19.09.09
16133801,1,목격자,"나 자신을 되돌아본다내가 살면서 이런 엉망진창 영화를 본적이 또 있던가 , ",june****,19.09.09
16133800,9,커피와 담배,짐 자무쉬를 새긴 작품. ,tear****,19.09.09
16133799,9,사바하,사자를 보고 사바하가 정말 잘 만들어진 영화란걸 깨닫게 되었다 스토리 탄탄하지 긴장감과 마지막 여운까지 다 좋았다 ,stkm****,19.09.09
16133798,1,유열의 음악앨범,이게 뭔지..영화과 대학생이 과제로 만든 영화같음 ,bana****,19.09.09
16133795,10,유열의 음악앨범,"개연성없고, 스토리 이어지지않는건 맞다근데 영화가 되게 예쁘고 감성적임..저시대에 살지 않았지만 살아보고 싶은 느낌이 든달까난 좋았는데... 설렜고 운명을 믿을수있을것같았음 ",ekdu****,19.09.09
16133794,1,목격자,별점 처음 남긴다. 처음엔 괜찮았다. 그럴 수 있겠는데? 하면서 봤는데 중반부터 감독이 지 하고 싶은 말하려고 개연성 현실성 다 말아 먹고 말도 안되는 말만 지껄인다. 절대 보지 말 것 ,wngu****,19.09.09
16133793,10,부산행,창궐을 보니 얼마나 부산행이 잘 만들었는지 알려주는 영화. 좀비영화 안 좋아하는데 이건 진짜 너무 잘 만들었네요. ,0824****,19.09.09
16133792,1,그것: 두 번째 이야기,별 반개도 아깝다 진짜 뜬금없이 비지엠 깔리고 공포영화 보면서 어이없어서 웃었다 하...나는 시간과 돈이 넘쳐난다하는 사람들은 꼭 보세요 ,dkwj****,19.09.09
16133791,9,봉오동 전투,"한국인 외에  일본인들도 꼭 봤음 하는영화 부디 역사를 바로알고 세상을 바라보길..   ""부끄러운 일을 하고도 부끄러워할 줄모르는 사람은 참으로 어리석은 자이다."" 부끄러운 역사를 뉘우칠 줄 아는 현명한 민족이 되길..사람이라면 말이다! ",hany****,19.09.09
16133790,10,스트레인저 - 무황인담,애니메이션 주인공 간지 끝판왕 영화지 뭐.. ,sunj****,19.09.09
16133789,1,그것: 두 번째 이야기,개 욕나오네 ㅗ돈존나 아까워요 ㅠㅠ 인생 쓰레기양화 ,love****,19.09.09
