"관리기관명",소재지도로명주소,소재지지번주소,설치목적구분,카메라대수,카메라화소수,촬영방면정보,보관일수,설치년월,관리기관전화번호,위도,경도,데이터기준일자
"대구광역시 남구청",대구광역시 남구 이천로6길 20,대구광역시 남구 봉덕3동 617-1,생활방범,1,200,초저조도IR 스피드돔카메라,30,2015-06,053-664-2493,35.84291303,128.5993142,2019-03-27
"대구광역시 남구청",대구광역시 남구 봉덕로10길 40,대구광역시 남구 봉덕3동 710-22,생활방범,1,200,초저조도IR 스피드돔카메라,30,2015-06,053-664-2493,35.84316618,128.5955413,2019-03-27
"대구광역시 남구청",대구광역시 남구 현충로19길 25,대구광역시 남구 대명1동 793-13,생활방범,1,200,초저조도IR 스피드돔카메라,30,2015-09,053-664-2493,35.84135687,128.5784915,2019-03-27
"대구광역시 남구청",대구광역시 남구 중앙대로49길 25,대구광역시 남구 대명2동 1803-8,생활방범,1,200,초저조도IR 스피드돔카메라,30,2016-05,053-664-2493,35.85528506,128.5890445,2019-03-27
"대구광역시 남구청",대구광역시 남구 성당로60길 31,대구광역시 남구 대명3동 2277-8,생활방범,1,200,초저조도IR 스피드돔카메라,30,2015-06,053-664-2493,35.85815045,128.5762333,2019-03-27
"대구광역시 남구청",대구광역시 남구 대경5길 65,대구광역시 남구 대명4동 3018-62,생활방범,1,200,초저조도 고정형 카메라,30,2016-03,053-664-2493,35.84833668,128.5758854,2019-03-27
"대구광역시 남구청",대구광역시 남구 현충로32길 51,대구광역시 남구 대명5동 1706-24,생활방범,1,200,초저조도IR 스피드돔카메라,30,2016-03,053-664-2493,35.845344,128.5815427,2019-03-27
"대구광역시 남구청",대구광역시 남구 대봉로34길 54,대구광역시 남구 이천동 195-48,생활방범,1,200,초저조도IR 스피드돔카메라,30,2015-07,053-664-2493,35.85400284,128.6040036,2019-03-27
"대구광역시 남구청",대구광역시 남구 이천로27길 18-1,대구광역시 남구 이천동 427-1,생활방범,1,200,초저조도IR 스피드돔카메라,30,2015-06,053-664-2493,35.852314,128.5974809,2019-03-27
"대구광역시 남구청",대구광역시 남구 명덕로 248,대구광역시 남구 이천동 631-17,생활방범,1,200,초저조도IR 스피드돔카메라,30,2016-03,053-664-2493,35.85596588,128.5971762,2019-03-27
"대구광역시 남구청",대구광역시 남구 중앙대로34길 87,대구광역시 남구 봉덕동 580-1,생활방범,1,200,초저조도IR 스피드돔카메라,30,2015-06,053-664-2493,35.84799722,128.5955554,2019-03-27
"대구광역시 남구청",대구광역시 남구 봉덕로1길 24,대구광역시 남구 봉덕1동 736-7,생활방범,1,200,초저조도IR 스피드돔카메라,30,2015-09,053-664-2493,35.84647639,128.5914258,2019-03-27
"대구광역시 남구청",대구광역시 남구 봉덕로21길 32-2,대구광역시 남구 봉덕1동 741-5,생활방범,1,200,초저조도IR 스피드돔카메라,30,2015-06,053-664-2493,35.84570466,128.5925603,2019-03-27
"대구광역시 남구청",대구광역시 남구 봉덕로22길 20-17,대구광역시 남구 봉덕2동 1001-16,생활방범,1,200,초저조도IR 스피드돔카메라,30,2015-09,053-664-2493,35.84300242,128.6012632,2019-03-27
"대구광역시 남구청",대구광역시 남구 대덕로40길 61-1,대구광역시 남구 봉덕2동 1091-2,생활방범,1,200,초저조도IR 스피드돔카메라,30,2015-06,053-664-2493,35.83827913,128.6049135,2019-03-27
"대구광역시 남구청",대구광역시 남구 고산1길 19,대구광역시 남구 봉덕2동 1170-36,생활방범,1,200,초저조도IR 스피드돔카메라,30,2015-06,053-664-2493,35.83312715,128.6024061,2019-03-27
"대구광역시 남구청",대구광역시 남구 이천로1길 60,대구광역시 남구 봉덕3동 712-14,생활방범,1,200,초저조도IR 스피드돔카메라,30,2015-06,053-664-2493,35.84221586,128.5945158,2019-03-27
"대구광역시 남구청",대구광역시 남구 중앙대로22길 13,대구광역시 남구 봉덕3동 1007-18,생활방범,1,200,초저조도IR 스피드돔카메라,30,2015-11,053-664-2493,35.84298855,128.5913666,2019-03-27
"대구광역시 남구청",대구광역시 남구 큰골길 148,대구광역시 남구 대명9동 471-2,생활방범,1,200,초저조도IR 스피드돔카메라,30,2016-03,053-664-2493,35.83560762,128.5838181,2019-03-27
"대구광역시 남구청",대구광역시 남구 장전5길 2-2,대구광역시 남구 대명1동 1667-12,생활방범,1,200,초저조도IR 스피드돔카메라,30,2015-06,053-664-2493,35.84156396,128.5766665,2019-03-27
"대구광역시 남구청",대구광역시 남구 장전1길 3,대구광역시 남구 대명1동 1655-19,생활방범,1,200,초저조도 고정형 카메라,30,2016-03,053-664-2493,35.8429533,128.5726361,2019-03-27
"대구광역시 남구청",대구광역시 남구 장전3길 148,대구광역시 남구 대명1동 1699-16,생활방범,1,200,초저조도IR 스피드돔카메라,30,2016-03,053-664-2493,35.84299014,128.5781049,2019-03-27
"대구광역시 남구청",대구광역시 남구 현충로19길 10,대구광역시 남구 대명1동 1675-1,생활방범,1,200,초저조도IR 스피드돔카메라,30,2015-06,053-664-2493,35.84157829,128.5793012,2019-03-27
"대구광역시 남구청",대구광역시 남구 현충로25길 31,대구광역시 남구 대명1동 1669-12,생활방범,1,200,초저조도IR 스피드돔카메라,30,2015-06,053-664-2493,35.8439541,128.5782005,2019-03-27
"대구광역시 남구청",대구광역시 남구 현충로40길 77,대구광역시 남구 대명2동 1902-20,생활방범,1,200,초저조도IR 스피드돔카메라,30,2016-03,053-664-2493,35.85001242,128.585341,2019-03-27
"대구광역시 남구청",대구광역시 남구 영선시장2길 15,대구광역시 남구 대명2동 1985-4,생활방범,1,200,초저조도IR 스피드돔카메라,30,2015-06,053-664-2493,35.85070875,128.5922101,2019-03-27
"대구광역시 남구청",대구광역시 남구 명덕로42길 8,대구광역시 남구 대명2동 2026-10,생활방범,1,200,초저조도IR 스피드돔카메라,30,2016-03,053-664-2493,35.85642524,128.5917877,2019-03-27
"대구광역시 남구청",대구광역시 남구 현충로37길 7-2,대구광역시 남구 대명3동 1728-8,생활방범,1,200,초저조도IR 스피드돔카메라,30,2015-06,053-664-2493,35.84927182,128.580088,2019-03-27
"대구광역시 남구청",대구광역시 남구 현충로39길 32,대구광역시 남구 대명3동 2153-2,생활방범,1,200,초저조도IR 스피드돔카메라,30,2015-06,053-664-2493,35.85068116,128.5794119,2019-03-27
"대구광역시 남구청",대구광역시 남구 봉덕로1길 24,대구광역시 남구 봉덕1동 736-7,생활방범,1,200,초저조도 고정형 카메라,30,2016-05,053-664-2493,35.84647639,128.5914258,2019-03-27
"대구광역시 남구청",대구광역시 남구 양지로8길 20,대구광역시 남구 대명4동 3001-5,생활방범,1,200,초저조도 고정형 카메라,30,2016-03,053-664-2493,35.85004142,128.577503,2019-03-27
"대구광역시 남구청",대구광역시 남구 대경길 28,대구광역시 남구 대명4동 3034-4,생활방범,1,200,초저조도IR 스피드돔카메라,30,2015-06,053-664-2493,35.84897348,128.5727791,2019-03-27
"대구광역시 남구청",대구광역시 남구 경상길 20,대구광역시 남구 대명4동 3028-2,생활방범,1,200,초저조도IR 스피드돔카메라,30,2015-06,053-664-2493,35.84688534,128.5740482,2019-03-27
"대구광역시 남구청",대구광역시 남구 명덕시장길 84,대구광역시 남구 대명5동 125-1,생활방범,1,200,초저조도IR 스피드돔카메라,30,2015-09,053-664-2493,35.84518797,128.5876634,2019-03-27
"대구광역시 남구청",대구광역시 남구 대명로54길 9,대구광역시 남구 대명5동 177-7,생활방범,1,200,초저조도IR 스피드돔카메라,30,2016-03,053-664-2493,35.84278775,128.5863726,2019-03-27
"대구광역시 남구청",대구광역시 남구 현충로24길 8,대구광역시 남구 대명5동 1682-1,생활방범,1,200,초저조도IR 스피드돔카메라,30,2016-05,053-664-2493,35.84277977,128.5806052,2019-03-27
"대구광역시 남구청",대구광역시 남구 안지랑로5길 31,대구광역시 남구 대명6동 582-32,생활방범,1,200,초저조도IR 스피드돔카메라,30,2015-06,053-664-2493,35.83284183,128.5685454,2019-03-27
"대구광역시 남구청",대구광역시 남구 대명로20길 82,대구광역시 남구 대명6동 1029-13,생활방범,1,200,초저조도IR 스피드돔카메라,30,2016-03,053-664-2493,35.83552163,128.5679447,2019-03-27
"대구광역시 남구청",대구광역시 남구 안지랑로19길 53,대구광역시 남구 대명6동 1074-4,생활방범,1,200,초저조도IR 스피드돔카메라,30,2016-03,053-664-2493,35.83750212,128.5665531,2019-03-27
"대구광역시 남구청",대구광역시 남구 현충로18길 41,대구광역시 남구 대명9동 338-29,생활방범,1,200,초저조도IR 스피드돔카메라,30,2015-07,053-664-2493,35.84026659,128.5821476,2019-03-27
"대구광역시 남구청",대구광역시 남구 자유3길 54 (1),대구광역시 남구 대명9동 353-6 (1),생활방범,1,200,초저조도IR 스피드돔카메라,30,2015-06,053-664-2493,35.83876234,128.5819484,2019-03-27
"대구광역시 남구청",대구광역시 남구 자유3길 54 (2),대구광역시 남구 대명9동 353-6 (2),생활방범,1,200,초저조도 고정형 카메라,30,2016-03,053-664-2493,35.83876234,128.5819484,2019-03-27
"대구광역시 남구청",대구광역시 남구 자유길 82,대구광역시 남구 대명9동 375-9,생활방범,1,200,초저조도IR 스피드돔카메라,30,2015-06,053-664-2493,35.83874818,128.5848595,2019-03-27
"대구광역시 남구청",대구광역시 남구 앞산순환로95길 42,대구광역시 남구 대명9동 650-3,생활방범,1,200,초저조도IR 스피드돔카메라,30,2015-09,053-664-2493,35.83424468,128.5767684,2019-03-27
"대구광역시 남구청",대구광역시 남구 앞산순환로87길 56,대구광역시 남구 대명9동 551-1,생활방범,1,200,초저조도IR 스피드돔카메라,30,2015-06,053-664-2493,35.83287409,128.573128,2019-03-27
"대구광역시 남구청",대구광역시 남구 안골1길 19,대구광역시 남구 대명9동 754-3,생활방범,1,200,초저조도IR 스피드돔카메라,30,2015-09,053-664-2493,35.83760971,128.5761287,2019-03-27
"대구광역시 남구청",대구광역시 남구 대명복개로4길 56-1,대구광역시 남구 대명10동 1593-12,생활방범,1,200,초저조도IR 스피드돔카메라,30,2015-06,053-664-2493,35.83957367,128.5630478,2019-03-27
"대구광역시 남구청",대구광역시 남구 대명로15길 13,대구광역시 남구 대명10동 1607-60,생활방범,1,200,초저조도IR 스피드돔카메라,30,2015-06,053-664-2493,35.84069559,128.565967,2019-03-27
"대구광역시 남구청",대구광역시 남구 관문시장1길 75,대구광역시 남구 대명11동 1170-12,생활방범,1,200,초저조도IR 스피드돔카메라,30,2015-06,053-664-2493,35.83476338,128.5605232,2019-03-27
"대구광역시 남구청",대구광역시 남구 관문시장1길 16,대구광역시 남구 대명11동1132-2,생활방범,1,200,초저조도IR 스피드돔카메라,30,2015-11,053-664-2493,35.84570466,128.5925603,2019-03-27
"대구광역시 남구청",대구광역시 남구 삼정4길 28,대구광역시 남구 봉덕3동 641-104,생활방범,1,200,초저조도IR 스피드돔카메라,30,2016-03,053-664-2493,35.83867855,128.5935263,2019-03-27
"대구광역시 남구청",대구광역시 남구 명덕로26길 23,대구광역시 남구 대명2동 1887-14,생활방범,1,200,초저조도IR 스피드돔카메라,30,2015-06,053-664-2493,35.85528051,128.5844498,2019-03-27
"대구광역시 남구청",대구광역시 남구 삼각지5길 25,대구광역시 남구 대명3동 1919-7,생활방범,1,200,초저조도IR 스피드돔카메라,30,2016-03,053-664-2493,35.85096152,128.5829345,2019-03-27
"대구광역시 남구청",대구광역시 남구 성당로30길 46-2,대구광역시 남구 대명4동 3044-4,생활방범,1,200,초저조도 고정형 카메라,30,2016-03,053-664-2493,35.84577737,128.5701324,2019-03-27
"대구광역시 남구청",대구광역시 남구 대명로57길 7,대구광역시 남구 대명5동 174-1,생활방범,1,200,초저조도IR 스피드돔카메라,30,2015-06,053-664-2493,35.84411076,128.5867698,2019-03-27
"대구광역시 남구청",대구광역시 남구 자유1길 97-1,대구광역시 남구 대명9동 467-5,생활방범,1,200,초저조도 고정형 카메라,30,2015-06,053-664-2493,35.83683505,128.583484,2019-03-27
"대구광역시 남구청",대구광역시 남구 대명로14길 131-5,대구광역시 남구 대명6동 587-2,생활방범,1,200,초저조도 고정형 카메라,30,2016-03,053-664-2493,35.83320862,128.565316,2019-03-27
"대구광역시 남구청",대구광역시 남구 대명로14길 131-21,대구광역시 남구 대명6동 587-9,생활방범,1,200,초저조도 고정형 카메라,30,2015-06,053-664-2493,35.83321173,128.5665668,2019-03-27
"대구광역시 남구청",대구광역시 남구 관문시장1길 16-2,대구광역시 남구 대명11동1132-2,생활방범,1,200,초저조도 고정형 카메라,30,2016-03,053-664-2493,35.84570466,128.5925603,2019-03-27
"대구광역시 남구청",대구광역시 남구 이천로27길 18-1,대구광역시 남구 이천동 427-1,생활방범,1,200,초저조도 고정형 카메라,30,2015-06,053-664-2493,35.852314,128.5974809,2019-03-27
"대구광역시 남구청",대구광역시 남구 중앙대로34길 27,대구광역시 남구 봉덕1동 727-5,생활방범,1,200,초저조도 고정형 카메라,30,2015-06,053-664-2493,35.84777933,128.5922326,2019-03-27
"대구광역시 남구청",대구광역시 남구 고산4길 2,대구광역시 남구 봉덕2동 1184-6,생활방범,1,200,초저조도IR 스피드돔카메라,30,2016-05,053-664-2493,35.83260623,128.6038299,2019-03-27
"대구광역시 남구청",대구광역시 남구 성당로 136-18,대구광역시 남구 대명4동 3045-38,생활방범,1,200,초저조도IR 스피드돔카메라,30,2016-03,053-664-2493,35.84570466,128.5925603,2019-03-27
"대구광역시 남구청",대구광역시 남구 대명로10길 14,대구광역시 남구 대명6동 1427-4,생활방범,1,200,초저조도IR 스피드돔카메라,30,2015-06,053-664-2493,35.8375446,128.5632769,2019-03-27
"대구광역시 남구청",대구광역시 남구 명덕로18길 26,대구광역시 남구 대명3동 2535-10,생활방범,1,200,초저조도IR 스피드돔카메라,30,2015-06,053-664-2493,35.85689632,128.5783722,2019-03-27
"대구광역시 남구청",대구광역시 남구 대덕초등길 51,대구광역시 남구 대명11동 1566-12,생활방범,1,200,초저조도IR 스피드돔카메라,30,2015-09,053-664-2493,35.83180857,128.5621184,2019-03-27
"대구광역시 남구청",대구광역시 남구 고산3길 83,대구광역시 남구 봉덕2동 1249-3,생활방범,1,200,초저조도 고정형 카메라,30,2016-03,053-664-2493,35.82955547,128.6028881,2019-03-27
"대구광역시 남구청",대구광역시 남구 장전4길 12,대구광역시 남구 대명1동 1659-41,생활방범,1,200,초저조도 고정형 카메라,30,2016-03,053-664-2493,35.84237943,128.5757758,2019-03-27
"대구광역시 남구청",대구광역시 남구 중앙대로31길 85,대구광역시 남구 대명2동 1854-7,생활방범,1,200,스피드돔 IR 일체형,30,2013-08,053-664-2493,35.84899506,128.5869498,2019-03-27
"대구광역시 남구청",대구광역시 남구 이천로25길 26-1,대구광역시 남구 이천동 456-10,생활방범,1,200,초저조도 스피드돔 카메라,30,2018-03,053-664-2493,35.85196889,128.596194,2019-03-27
"대구광역시 남구청",대구광역시 남구 중앙대로36길 9-40,대구광역시 남구 대명2동 17-51,생활방범,1,200,초저조도 양방향카메라,30,2018-03,053-664-2493,35.84890879,128.5916653,2019-03-27
"대구광역시 남구청",대구광역시 남구 봉덕로21길 53-29,대구광역시 남구 봉덕1동 744-10,생활방범,1,200,고정형,30,2012-08,053-664-2493,35.84690144,128.6002078,2019-03-27
"대구광역시 남구청",대구광역시 남구 명덕로48길 64-2,대구광역시 남구 대명2동 2013-358,생활방범,1,200,고정형,30,2012-08,053-664-2493,35.8537414,128.5931849,2019-03-27
"대구광역시 남구청",대구광역시 남구 큰골9길 12,대구광역시 남구 대명9동 473-1,생활방범,1,200,고정형,30,2012-08,053-664-2493,35.83425681,128.5835757,2019-03-27
"대구광역시 남구청",대구광역시 남구 두류공원로15길 15,대구광역시 남구 대명10동 1648-2,생활방범,1,200,초저조도 스피드돔 카메라,30,2018-03,053-664-2493,35.84291051,128.5702668,2019-03-27
"대구광역시 남구청",대구광역시 남구 대명서안길 30-1,대구광역시 남구 대명11동 1619-4,생활방범,1,200,초저조도 양방향카메라,30,2018-03,053-664-2493,35.83386752,128.5574177,2019-03-27
"대구광역시 남구청",대구광역시 남구 명덕로42길 55-13 (1),대구광역시 남구 대명2동 2013-342,생활방범,1,200,고정형,30,2012-09,053-664-2493,35.85398749,128.5926331,2019-03-27
"대구광역시 남구청",대구광역시 남구 명덕로42길 55-13 (2),대구광역시 남구 대명2동 2013-342,생활방범,1,200,고정형,30,2012-09,053-664-2493,35.85398749,128.5926331,2019-03-27
"대구광역시 남구청",대구광역시 남구 중앙대로32길 13,대구광역시 남구 봉덕1동 729-3,생활방범,1,200,스피드돔 IR 일체형,30,2013-06,053-664-2493,35.84728728,128.5914872,2019-03-27
"대구광역시 남구청",대구광역시 남구 봉덕로1길 138,대구광역시 남구 대명2동 2014-48,생활방범,1,200,스피드돔 IR 일체형,30,2013-06,053-664-2493,35.84570466,128.5925603,2019-03-27
"대구광역시 남구청",대구광역시 남구 중앙대로31길 14-2,대구광역시 남구 대명5동 36-4,생활방범,1,200,스피드돔 IR 일체형,30,2013-06,053-664-2493,35.84715191,128.5896927,2019-03-27
"대구광역시 남구청",대구광역시 남구 중앙대로47길 7,대구광역시 남구 대명2동 1793-11,생활방범,1,200,스피드돔 IR 일체형,30,2013-06,053-664-2493,35.85405445,128.5900208,2019-03-27
"대구광역시 남구청",대구광역시 남구 명덕로40길 105,대구광역시 남구 대명2동 1795-16,생활방범,1,200,스피드돔 IR 일체형,30,2013-06,053-664-2493,35.85210739,128.5900617,2019-03-27
"대구광역시 남구청",대구광역시 남구 중앙대로49길 15,대구광역시 남구 대명2동 1799-6,생활방범,1,200,스피드돔 IR 일체형,30,2013-06,053-664-2493,35.85527348,128.5895648,2019-03-27
"대구광역시 남구청",대구광역시 남구 영선시장1길 17,대구광역시 남구 대명2동 2009-5,생활방범,1,200,스피드돔 IR 일체형,30,2013-06,053-664-2493,35.85100258,128.5911163,2019-03-27
"대구광역시 남구청",대구광역시 남구 중앙대로31길 36,대구광역시 남구 대명5동 194-46,생활방범,1,200,스피드돔 IR 일체형,30,2013-06,053-664-2493,35.84718569,128.5883203,2019-03-27
"대구광역시 남구청",대구광역시 남구 앞산순환로75길 14,대구광역시 남구 대명6동 582-8,생활방범,1,200,스피드돔 IR 일체형,30,2013-06,053-664-2493,35.8328574,128.5671619,2019-03-27
"대구광역시 남구청",대구광역시 남구 현충로5길 7-26,대구광역시 남구 대명9동 516-38,생활방범,1,200,스피드돔 IR 일체형,30,2013-06,053-664-2493,35.83300878,128.5788624,2019-03-27
"대구광역시 남구청",대구광역시 남구 앞산순환로 477,대구광역시 남구 대명9동 519 (1),생활방범,1,200,스피드돔 IR 일체형,30,2013-06,053-664-2493,35.83310009,128.576749,2019-03-27
"대구광역시 남구청",대구광역시 남구 앞산순환로 477,대구광역시 남구 대명9동 519 (2),생활방범,1,200,스피드돔 IR 일체형,30,2013-06,053-664-2493,35.83310009,128.576749,2019-03-27
"대구광역시 남구청",대구광역시 남구 앞산순환로 477,대구광역시 남구 대명9동 519 (3),생활방범,1,200,스피드돔 IR 일체형,30,2014-12,053-664-2493,35.83310009,128.576749,2019-03-27
"대구광역시 남구청",대구광역시 남구 대명6동 산218-15,대구광역시 남구 대명6동 산218-15,생활방범,1,200,스피드돔 IR 일체형,30,2013-06,053-664-2493,35.83087048,128.5717964,2019-03-27
"대구광역시 남구청",대구광역시 남구 대명6동 산218-15,대구광역시 남구 대명6동 산218-15,생활방범,1,200,고정형,30,2013-08,053-664-2493,35.83087048,128.5717964,2019-03-27
"대구광역시 남구청",대구광역시 남구 대명6동 산218-15,대구광역시 남구 대명6동 산218-15,생활방범,1,200,파노라마 돔형,30,2013-08,053-664-2493,35.83087048,128.5717964,2019-03-27
"대구광역시 남구청",대구광역시 남구 명덕로50길 31,대구광역시 남구 이천동 644-5,생활방범,1,200,스피드돔 IR 일체형,30,2013-08,053-664-2493,35.85514314,128.5940589,2019-03-27
"대구광역시 남구청",대구광역시 남구 효명길 100,대구광역시 남구 봉덕3동 1329-22,생활방범,1,200,스피드돔 IR 일체형,30,2013-08,053-664-2493,35.83487719,128.5948926,2019-03-27
"대구광역시 남구청",대구광역시 남구 대덕로30길 12-1,대구광역시 남구 봉덕3동 568-17,생활방범,1,200,스피드돔 IR 일체형,30,2013-08,053-664-2493,35.84035192,128.5995827,2019-03-27
"대구광역시 남구청",대구광역시 남구 이천로9길 48,대구광역시 남구 봉덕3동 706-11,생활방범,1,200,스피드돔 IR 일체형,30,2013-08,053-664-2493,35.84453658,128.595463,2019-03-27
"대구광역시 남구청",대구광역시 남구 삼각지1길 18-1,대구광역시 남구 대명2동 1840-82,생활방범,1,200,스피드돔 IR 일체형,30,2013-08,053-664-2493,35.84888337,128.5858308,2019-03-27
"대구광역시 남구청",대구광역시 남구 삼각지3길 37-2,대구광역시 남구 대명2동 1906-8,생활방범,1,200,스피드돔 IR 일체형,30,2014-11,053-664-2493,35.85132874,128.5852621,2019-03-27
"대구광역시 남구청",대구광역시 남구 중앙대로46길 40,대구광역시 남구 대명2동 2014-152,생활방범,1,200,스피드돔 IR 일체형,30,2013-08,053-664-2493,35.85190167,128.5933925,2019-03-27
"대구광역시 남구청",대구광역시 남구 명덕로22길 53,대구광역시 남구 대명3동 2131-26,생활방범,1,200,스피드돔 IR 일체형,30,2013-08,053-664-2493,35.85555061,128.5826582,2019-03-27
"대구광역시 남구청",대구광역시 남구 대경길 91,대구광역시 남구 대명4동 3028-58,생활방범,1,200,스피드돔 IR 일체형,30,2013-08,053-664-2493,35.84613313,128.5730243,2019-03-27
"대구광역시 남구청",대구광역시 남구 성당로18길 45-1,대구광역시 남구 대명4동 3054-66,생활방범,1,200,스피드돔 IR 일체형,30,2013-08,053-664-2493,35.84570466,128.5925603,2019-03-27
"대구광역시 남구청",대구광역시 남구 현충로26길 85,대구광역시 남구 대명5동 289,생활방범,1,200,스피드돔 IR 일체형,30,2013-08,053-664-2493,35.8440118,128.5848872,2019-03-27
"대구광역시 남구청",대구광역시 남구 골안길 33-6,대구광역시 남구 대명6동 1280-7,생활방범,1,200,스피드돔 IR 일체형,30,2013-08,053-664-2493,35.83690982,128.5621766,2019-03-27
"대구광역시 남구청",대구광역시 남구 큰골8길 34,대구광역시 남구 대명9동 473-18,생활방범,1,200,스피드돔 IR 일체형,30,2013-08,053-664-2493,35.83429508,128.5849707,2019-03-27
"대구광역시 남구청",대구광역시 남구 큰골길 198,대구광역시 남구 대명9동 2680-17,생활방범,1,200,스피드돔 IR 일체형,30,2013-08,053-664-2493,35.83479661,128.5856274,2019-03-27
"대구광역시 남구청",대구광역시 남구 두류공원로15길 27-1 (1),대구광역시 남구 대명10동 1648-16,생활방범,1,200,고정형,30,2013-08,053-664-2493,35.84255795,128.5704857,2019-03-27
"대구광역시 남구청",대구광역시 남구 두류공원로15길 27-1 (2),대구광역시 남구 대명10동 1648-16,생활방범,1,200,고정형,30,2013-08,053-664-2493,35.84255795,128.5704857,2019-03-27
"대구광역시 남구청",대구광역시 남구 명덕로8길 48,대구광역시 남구 대명3동 2284-25,생활방범,1,200,스피드돔 IR 일체형,30,2013-11,053-664-2493,35.85728273,128.5748652,2019-03-27
"대구광역시 남구청",대구광역시 남구 영선시장2길 51 (1),대구광역시 남구 대명2동 1999-1 (1),생활방범,1,200,스피드돔 IR 일체형,30,2014-08,053-664-2493,35.85231267,128.5922996,2019-03-27
"대구광역시 남구청",대구광역시 남구 영선시장2길 51 (2),대구광역시 남구 대명2동 1999-1 (2),생활방범,1,200,고정형,30,2014-08,053-664-2493,35.85231267,128.5922996,2019-03-27
"대구광역시 남구청",대구광역시 남구 봉덕1동 841-120,대구광역시 남구 봉덕1동 841-120,생활방범,1,200,고정,30,2014-11,053-664-2493,35.8448528,128.6061038,2019-03-27
"대구광역시 남구청",대구광역시 남구 봉덕1동 841-120,대구광역시 남구 봉덕1동 841-120,생활방범,1,200,회전,30,2014-11,053-664-2493,35.8448528,128.6061038,2019-03-27
"대구광역시 남구청",대구광역시 남구 이천동 657-1,대구광역시 남구 이천동 657-1,생활방범,1,200,고정,30,2014-11,053-664-2493,35.85128365,128.6070164,2019-03-27
"대구광역시 남구청",대구광역시 남구 이천동 657-1,대구광역시 남구 이천동 657-1,생활방범,1,200,회전,30,2014-11,053-664-2493,35.85128365,128.6070164,2019-03-27
"대구광역시 남구청",대구광역시 남구 봉덕로27길 32,대구광역시 남구 봉덕1동 963-1,생활방범,1,200,스피드돔 IR 일체형,30,2014-12,053-664-2493,35.84609464,128.602925,2019-03-27
"대구광역시 남구청",대구광역시 남구 대덕로 193 (고정형),대구광역시 남구 봉덕2동 920-4,생활방범,1,200,초저조도 고정형 카메라,30,2014-12,053-664-2493,35.84159206,128.6039093,2019-03-27
"대구광역시 남구청",대구광역시 남구 대봉로 36,대구광역시 남구 봉덕2동 929-5,생활방범,1,200,스피드돔 IR 일체형,30,2014-12,053-664-2493,35.84201316,128.6044106,2019-03-27
"대구광역시 남구청",대구광역시 남구 대명로54길 21,대구광역시 남구 대명5동 204-31,생활방범,1,200,스피드돔 IR 일체형,30,2014-12,053-664-2493,35.84226321,128.586734,2019-03-27
"대구광역시 남구청",대구광역시 남구 대명동 산200-8,대구광역시 남구 대명9동 산200-8,생활방범,1,200,스피드돔 IR 일체형,30,2014-12,053-664-2493,35.8314247,128.574645,2019-03-27
"대구광역시 남구청",대구광역시 남구 대명로19길 13,대구광역시 남구 대명10동 1610-39,생활방범,1,200,스피드돔 IR 일체형,30,2014-12,053-664-2493,35.84021005,128.567624,2019-03-27
"대구광역시 남구청",대구광역시 남구 장전3길 20,대구광역시 남구 대명1동 1654-13,생활방범,1,200,스피드돔 IR 일체형,30,2014-12,053-664-2493,35.84243278,128.5740493,2019-03-27
"대구광역시 남구청",대구광역시 남구 명덕로68길 43,대구광역시 남구 이천동 121-401,생활방범,1,200,스피드돔 IR 일체형,30,2015-05,053-664-2493,35.85287401,128.6062203,2019-03-27
"대구광역시 남구청",대구광역시 남구 대봉로38길 13-2,대구광역시 남구 이천동 184-23,생활방범,1,200,스피드돔 IR 일체형,30,2015-05,053-664-2493,35.85481724,128.6033676,2019-03-27
"대구광역시 남구청",대구광역시 남구 명덕로64길 12,대구광역시 남구 이천동 195-54,생활방범,1,200,스피드돔 IR 일체형,30,2015-05,053-664-2493,35.85425986,128.6048691,2019-03-27
"대구광역시 남구청",대구광역시 남구 명덕로64길 35,대구광역시 남구 이천동 198-9,생활방범,1,200,스피드돔 IR 일체형,30,2015-05,053-664-2493,35.85325036,128.6048725,2019-03-27
"대구광역시 남구청",대구광역시 남구 명덕로68길 12 (고정형),대구광역시 남구 이천동 206-15,생활방범,1,200,스피드돔 IR 일체형,30,2015-05,053-664-2493,35.8544347,128.6059444,2019-03-27
"대구광역시 남구청",대구광역시 남구 대봉로30길 19,대구광역시 남구 이천동 280-56,생활방범,1,200,스피드돔 IR 일체형,30,2015-05,053-664-2493,35.85185632,128.6042751,2019-03-27
"대구광역시 남구청",대구광역시 남구 대봉로32길 6-1,대구광역시 남구 이천동 287-31,생활방범,1,200,스피드돔 IR 일체형,30,2015-05,053-664-2493,35.85237418,128.6034598,2019-03-27
"대구광역시 남구청",대구광역시 남구 이천로28길 8-71,대구광역시 남구 이천동 315-17,생활방범,1,200,스피드돔 IR 일체형,30,2015-05,053-664-2493,35.85212987,128.6000591,2019-03-27
"대구광역시 남구청",대구광역시 남구 이천로28길 43-1,대구광역시 남구 이천동 388-33,생활방범,1,200,스피드돔 IR 일체형,30,2015-05,053-664-2493,35.85476058,128.6002893,2019-03-27
"대구광역시 남구청",대구광역시 남구 이천로32길 7-1,대구광역시 남구 이천동 398-16,생활방범,1,200,스피드돔 IR 일체형,30,2015-05,053-664-2493,35.8547225,128.598894,2019-03-27
"대구광역시 남구청",대구광역시 남구 이천로 136,대구광역시 남구 이천동 408-11,생활방범,1,200,스피드돔 IR 일체형,30,2015-05,053-664-2493,35.85334468,128.5986511,2019-03-27
"대구광역시 남구청",대구광역시 남구 이천로27길 26,대구광역시 남구 이천동 425-5,생활방범,1,200,스피드돔 IR 일체형,30,2015-05,053-664-2493,35.85202481,128.5976337,2019-03-27
"대구광역시 남구청",대구광역시 남구 이천로29길 14,대구광역시 남구 이천동 436-22,생활방범,1,200,스피드돔 IR 일체형,30,2015-05,053-664-2493,35.85382712,128.5977026,2019-03-27
"대구광역시 남구청",대구광역시 남구 이천로29길 28-8,대구광역시 남구 이천동 440-2,생활방범,1,200,스피드돔 IR 일체형,30,2015-05,053-664-2493,35.85380394,128.5969274,2019-03-27
"대구광역시 남구청",대구광역시 남구 이천로29길 88-2,대구광역시 남구 이천동 460-15,생활방범,1,200,스피드돔 IR 일체형,30,2015-05,053-664-2493,35.85099988,128.5971167,2019-03-27
"대구광역시 남구청",대구광역시 남구 이천로19길 22,대구광역시 남구 이천동 507-2,생활방범,1,200,스피드돔 IR 일체형,30,2015-05,053-664-2493,35.85007039,128.5973422,2019-03-27
"대구광역시 남구청",대구광역시 남구 대봉로 116-86,대구광역시 남구 이천동 560-12,생활방범,1,200,스피드돔 IR 일체형,30,2015-05,053-664-2493,35.84878069,128.6046946,2019-03-27
"대구광역시 남구청",대구광역시 남구 명덕로 228-4,대구광역시 남구 이천동 637-28,생활방범,1,200,스피드돔 IR 일체형,30,2015-05,053-664-2493,35.85608543,128.5948853,2019-03-27
"대구광역시 남구청",대구광역시 남구 명덕로68길 56,대구광역시 남구 이천동 206-50,생활방범,1,200,고정식 IR 일체형,30,2015-05,053-664-2493,35.85254299,128.6057307,2019-03-27
"대구광역시 남구청",대구광역시 남구 명덕로66길 3-2,대구광역시 남구 이천동 210-1,생활방범,1,200,스피드돔 IR 일체형,30,2015-05,053-664-2493,35.85480674,128.605449,2019-03-27
"대구광역시 남구청",대구광역시 남구 대봉로 172-2,대구광역시 남구 이천동 306-16,생활방범,1,200,스피드돔 IR 일체형,30,2015-05,053-664-2493,35.85406271,128.6028526,2019-03-27
"대구광역시 남구청",대구광역시 남구 중앙대로32길 110,대구광역시 남구 봉덕1동 518-2,생활방범,1,200,스피드돔 IR 일체형,30,2015-12,053-664-2493,35.84757728,128.5966261,2019-03-27
"대구광역시 남구청",대구광역시 남구 봉덕로13길 30-1,대구광역시 남구 봉덕1동 523-27,생활방범,1,200,스피드돔 IR 일체형,30,2015-12,053-664-2493,35.84633876,128.5973695,2019-03-27
"대구광역시 남구청",대구광역시 남구 봉덕로13길 54-1,대구광역시 남구 봉덕1동 524-6,생활방범,1,200,스피드돔 IR 일체형,30,2015-12,053-664-2493,35.84740405,128.5970233,2019-03-27
"대구광역시 남구청",대구광역시 남구 중앙대로 36길 7-2,대구광역시 남구 대명2동 17-116,생활방범,1,200,스피드돔 IR 일체형,30,2015-12,053-664-2493,35.84856007,128.5910981,2019-03-27
"대구광역시 남구청",대구광역시 남구 봉덕로7길 18,대구광역시 남구 봉덕1동 574-10,생활방범,1,200,스피드돔 IR 일체형,30,2015-12,053-664-2493,35.8465308,128.5950019,2019-03-27
"대구광역시 남구청",대구광역시 남구 봉덕로11길 14-1,대구광역시 남구 봉덕1동 692-20,생활방범,1,200,스피드돔 IR 일체형,30,2015-12,053-664-2493,35.84571436,128.5960586,2019-03-27
"대구광역시 남구청",대구광역시 남구 중앙대로32길 46,대구광역시 남구 봉덕1동 730-1,생활방범,1,200,스피드돔 IR 일체형,30,2015-12,053-664-2493,35.84718928,128.5930806,2019-03-27
"대구광역시 남구청",대구광역시 남구 이천로 64,대구광역시 남구 봉덕1동 494-8,생활방범,1,200,스피드돔 IR 일체형,30,2015-12,053-664-2493,35.84685455,128.5987683,2019-03-27
"대구광역시 남구청",대구광역시 남구 봉덕공원길 15,대구광역시 남구 봉덕2동 879-37,생활방범,1,200,스피드돔 IR 일체형,30,2015-12,053-664-2493,35.84226755,128.6057963,2019-03-27
"대구광역시 남구청",대구광역시 남구 신촌길 111,대구광역시 남구 봉덕2동 1045-6,생활방범,1,200,스피드돔 IR 일체형,30,2015-12,053-664-2493,35.83889274,128.6047743,2019-03-27
"대구광역시 남구청",대구광역시 남구 대덕로40길 98,대구광역시 남구 봉덕2동 1119-4,생활방범,1,200,스피드돔 IR 일체형,30,2015-12,053-664-2493,35.83676993,128.6039169,2019-03-27
"대구광역시 남구청",대구광역시 남구 용두길 32,대구광역시 남구 봉덕2동 1581-70,생활방범,1,200,스피드돔 IR 일체형,30,2015-12,053-664-2493,35.83368494,128.6044026,2019-03-27
"대구광역시 남구청",대구광역시 남구 삼정길 46,대구광역시 남구 봉덕3동 666-19,생활방범,1,200,스피드돔 IR 일체형,30,2015-12,053-664-2493,35.84021955,128.5953975,2019-03-27
"대구광역시 남구청",대구광역시 남구 봉덕로12길 23,대구광역시 남구 봉덕3동 685-18,생활방범,1,200,스피드돔 IR 일체형,30,2015-12,053-664-2493,35.84375349,128.5970623,2019-03-27
"대구광역시 남구청",대구광역시 남구 이천로7길 69,대구광역시 남구 봉덕3동 714-9,생활방범,1,200,스피드돔 IR 일체형,30,2015-12,053-664-2493,35.84380439,128.5940738,2019-03-27
"대구광역시 남구청",대구광역시 남구 신촌길 22,대구광역시 남구 봉덕3동 1289-38,생활방범,1,200,스피드돔 IR 일체형,30,2015-12,053-664-2493,35.83823167,128.6000095,2019-03-27
"대구광역시 남구청",대구광역시 남구 삼정2길 71-116,대구광역시 남구 봉덕3동 1337-57,생활방범,1,200,스피드돔 IR 일체형,30,2015-12,053-664-2493,35.83677045,128.5966114,2019-03-27
"대구광역시 남구청",대구광역시 남구 장전1길 135,대구광역시 남구 대명1동 791-13,생활방범,1,200,스피드돔 IR 일체형,30,2015-12,053-664-2493,35.84036732,128.5780969,2019-03-27
"대구광역시 남구청",대구광역시 남구 두류공원로16길 69-1,대구광역시 남구 대명1동 1221-148,생활방범,1,200,스피드돔 IR 일체형,30,2015-12,053-664-2493,35.84456206,128.5735997,2019-03-27
"대구광역시 남구청",대구광역시 남구 대경길 185,대구광역시 남구 대명1동 3015-16,생활방범,1,200,스피드돔 IR 일체형,30,2015-12,053-664-2493,35.84515457,128.575973,2019-03-27
"대구광역시 남구청",대구광역시 남구 현충로29길 26,대구광역시 남구 대명1동 1721-18,생활방범,1,200,스피드돔 IR 일체형,30,2015-12,053-664-2493,35.84598089,128.5784477,2019-03-27
"대구광역시 남구청",대구광역시 남구 중앙대로51길 32,대구광역시 남구 대명2동 1807-3,생활방범,1,200,스피드돔 IR 일체형,30,2015-12,053-664-2493,35.85639511,128.5887538,2019-03-27
"대구광역시 남구청",대구광역시 남구 중앙대로51길 75,대구광역시 남구 대명2동 1825-1,생활방범,1,200,스피드돔 IR 일체형,30,2015-12,053-664-2493,35.85591053,128.5864805,2019-03-27
"대구광역시 남구청",대구광역시 남구 중앙대로47길 97,대구광역시 남구 대명2동 1884-6,생활방범,1,200,스피드돔 IR 일체형,30,2015-12,053-664-2493,35.85434812,128.5852733,2019-03-27
"대구광역시 남구청",대구광역시 남구 명덕로42길 35,대구광역시 남구 대명2동 2022-1,생활방범,1,200,스피드돔 IR 일체형,30,2015-12,053-664-2493,35.85515185,128.5922986,2019-03-27
"대구광역시 남구청",대구광역시 남구 명덕로 220,대구광역시 남구 대명2동 2033-53,생활방범,1,200,스피드돔 IR 일체형,30,2015-12,053-664-2493,35.85640429,128.5942012,2019-03-27
"대구광역시 남구청",대구광역시 남구 명덕로48길 17,대구광역시 남구 대명2동 2044-22,생활방범,1,200,스피드돔 IR 일체형,30,2015-12,053-664-2493,35.85579196,128.5940859,2019-03-27
"대구광역시 남구청",대구광역시 남구 현충로46길 31,대구광역시 남구 대명3동 1913-22,생활방범,1,200,스피드돔 IR 일체형,30,2015-12,053-664-2493,35.85142599,128.5838014,2019-03-27
"대구광역시 남구청",대구광역시 남구 계명중앙1길 21,대구광역시 남구 대명3동 2133-36,생활방범,1,200,스피드돔 IR 일체형,30,2015-12,053-664-2493,35.85646834,128.581137,2019-03-27
"대구광역시 남구청",대구광역시 남구 양지북길 94-1,대구광역시 남구 대명3동 2237-3,생활방범,1,200,스피드돔 IR 일체형,30,2015-12,053-664-2493,35.85181008,128.578944,2019-03-27
"대구광역시 남구청",대구광역시 남구 명덕로16길 156,대구광역시 남구 대명3동 2259-1,생활방범,1,200,스피드돔 IR 일체형,30,2015-12,053-664-2493,35.8514245,128.5766606,2019-03-27
"대구광역시 남구청",대구광역시 남구 명덕로16길 62,대구광역시 남구 대명3동 2264-6,생활방범,1,200,스피드돔 IR 일체형,30,2015-12,053-664-2493,35.85563184,128.5770454,2019-03-27
"대구광역시 남구청",대구광역시 남구 명덕로12길 97,대구광역시 남구 대명3동 2299-34,생활방범,1,200,스피드돔 IR 일체형,30,2015-12,053-664-2493,35.85352649,128.5762662,2019-03-27
"대구광역시 남구청",대구광역시 남구 명덕로16길 23,대구광역시 남구 대명3동 2564-26,생활방범,1,200,스피드돔 IR 일체형,30,2015-12,053-664-2493,35.85716026,128.5778426,2019-03-27
"대구광역시 남구청",대구광역시 남구 양지로6길 67,대구광역시 남구 대명4동 3006-34,생활방범,1,200,스피드돔 IR 일체형,30,2015-12,053-664-2493,35.84823878,128.577501,2019-03-27
"대구광역시 남구청",대구광역시 남구 현충서길 55,대구광역시 남구 대명4동 3007-54,생활방범,1,200,스피드돔 IR 일체형,30,2015-12,053-664-2493,35.84668454,128.5783387,2019-03-27
"대구광역시 남구청",대구광역시 남구 대경길 230,대구광역시 남구 대명4동 3008-18,생활방범,1,200,스피드돔 IR 일체형,30,2015-12,053-664-2493,35.84690731,128.5769821,2019-03-27
"대구광역시 남구청",대구광역시 남구 대경5길 41-2,대구광역시 남구 대명4동 3017-53,생활방범,1,200,스피드돔 IR 일체형,30,2015-12,053-664-2493,35.84732643,128.5760441,2019-03-27
"대구광역시 남구청",대구광역시 남구 대경길 335,대구광역시 남구 대명4동 3025-1,생활방범,1,200,스피드돔 IR 일체형,30,2015-12,053-664-2493,35.84954395,128.5741117,2019-03-27
"대구광역시 남구청",대구광역시 남구 성당시장길 42-1,대구광역시 남구 대명4동 3041-1,생활방범,1,200,스피드돔 IR 일체형,30,2015-12,053-664-2493,35.84807462,128.5703703,2019-03-27
"대구광역시 남구청",대구광역시 남구 성당로28길 12,대구광역시 남구 대명4동 3046-9,생활방범,1,200,스피드돔 IR 일체형,30,2015-12,053-664-2493,35.84703942,128.5681931,2019-03-27
"대구광역시 남구청",대구광역시 남구 중앙대로21길 15-3,대구광역시 남구 대명5동 116-3,생활방범,1,200,스피드돔 IR 일체형,30,2015-12,053-664-2493,35.84238418,128.5896352,2019-03-27
"대구광역시 남구청",대구광역시 남구 대명로53길 28-4,대구광역시 남구 대명5동 173-5,생활방범,1,200,스피드돔 IR 일체형,30,2015-12,053-664-2493,35.84407909,128.5858729,2019-03-27
"대구광역시 남구청",대구광역시 남구 대명로58길 54,대구광역시 남구 대명5동 241-7,생활방범,1,200,스피드돔 IR 일체형,30,2015-12,053-664-2493,35.84165169,128.5882904,2019-03-27
"대구광역시 남구청",대구광역시 남구 현충로20길 18-2,대구광역시 남구 대명5동 1686-2,생활방범,1,200,스피드돔 IR 일체형,30,2015-12,053-664-2493,35.84145325,128.5809276,2019-03-27
"대구광역시 남구청",대구광역시 남구 앞산순환로 407,대구광역시 남구 대명6동 568-1,생활방범,1,200,스피드돔 IR 일체형,30,2015-12,053-664-2493,35.8320932,128.5705545,2019-03-27
"대구광역시 남구청",대구광역시 남구 안지랑로7길 28-1,대구광역시 남구 대명6동 611-28,생활방범,1,200,고정식 IR 일체형,30,2015-12,053-664-2493,35.83370151,128.5697248,2019-03-27
"대구광역시 남구청",대구광역시 남구 안지랑로7길 28-1,대구광역시 남구 대명6동 611-28,생활방범,1,200,고정식 IR 일체형,30,2015-12,053-664-2493,35.83370151,128.5697248,2019-03-27
"대구광역시 남구청",대구광역시 남구 안지랑로15길 24-1,대구광역시 남구 대명6동 948-6,생활방범,1,200,스피드돔 IR 일체형,30,2015-12,053-664-2493,35.83661218,128.5698564,2019-03-27
"대구광역시 남구청",대구광역시 남구 안지랑로13길 18-2,대구광역시 남구 대명6동 945-4,생활방범,1,200,스피드돔 IR 일체형,30,2015-12,053-664-2493,35.83613175,128.5704285,2019-03-27
"대구광역시 남구청",대구광역시 남구 대명남로 81,대구광역시 남구 대명6동 1023-9,생활방범,1,200,스피드돔 IR 일체형,30,2015-12,053-664-2493,35.8350528,128.5670778,2019-03-27
"대구광역시 남구청",대구광역시 남구 안지랑로21길 73,대구광역시 남구 대명6동 1069-1,생활방범,1,200,스피드돔 IR 일체형,30,2015-12,053-664-2493,35.83796664,128.5655269,2019-03-27
"대구광역시 남구청",대구광역시 남구 대명로10길 46,대구광역시 남구 대명6동 1434-5,생활방범,1,200,스피드돔 IR 일체형,30,2015-12,053-664-2493,35.8361381,128.5633666,2019-03-27
"대구광역시 남구청",대구광역시 남구 자유길 12,대구광역시 남구 대명9동 332-2,생활방범,1,200,스피드돔 IR 일체형,30,2015-12,053-664-2493,35.84096455,128.5831933,2019-03-27
"대구광역시 남구청",대구광역시 남구 큰골3길 17,대구광역시 남구 대명9동 449-1,생활방범,1,200,스피드돔 IR 일체형,30,2015-12,053-664-2493,35.83763401,128.5804347,2019-03-27
"대구광역시 남구청",대구광역시 남구 큰골5길 19,대구광역시 남구 대명9동 458-1,생활방범,1,200,스피드돔 IR 일체형,30,2015-12,053-664-2493,35.83738358,128.581894,2019-03-27
"대구광역시 남구청",대구광역시 남구 현충로15길 30,대구광역시 남구 대명9동 724-5,생활방범,1,200,스피드돔 IR 일체형,30,2015-12,053-664-2493,35.83856398,128.5782387,2019-03-27
"대구광역시 남구청",대구광역시 남구 대명로 176,대구광역시 남구 대명9동 812-1,생활방범,1,200,스피드돔 IR 일체형,30,2015-12,053-664-2493,35.83860728,128.5767336,2019-03-27
"대구광역시 남구청",대구광역시 남구 두류공원로5길 7-2,대구광역시 남구 대명10동 808-16,생활방범,1,200,스피드돔 IR 일체형,30,2015-12,053-664-2493,35.83996142,128.5744078,2019-03-27
"대구광역시 남구청",대구광역시 남구 대명복개로 21,대구광역시 남구 대명10동 1597-1,생활방범,1,200,스피드돔 IR 일체형,30,2015-12,053-664-2493,35.83964915,128.5604027,2019-03-27
"대구광역시 남구청",대구광역시 남구 대명복개로1길 30,대구광역시 남구 대명10동 1599-40,생활방범,1,200,스피드돔 IR 일체형,30,2015-12,053-664-2493,35.84080043,128.560969,2019-03-27
"대구광역시 남구청",대구광역시 남구 대명복개로3길 69,대구광역시 남구 대명10동 1604-1,생활방범,1,200,스피드돔 IR 일체형,30,2015-12,053-664-2493,35.84144394,128.5640019,2019-03-27
"대구광역시 남구청",대구광역시 남구 대명로13길 16,대구광역시 남구 대명10동 1622-15,생활방범,1,200,스피드돔 IR 일체형,30,2015-12,053-664-2493,35.84008027,128.5645679,2019-03-27
"대구광역시 남구청",대구광역시 남구 도촌길 31,대구광역시 남구 대명10동 1636-2,생활방범,1,200,스피드돔 IR 일체형,30,2015-12,053-664-2493,35.84075161,128.5712587,2019-03-27
"대구광역시 남구청",대구광역시 남구 대명서6길 14,대구광역시 남구 대명11동 1256-3,생활방범,1,200,스피드돔 IR 일체형,30,2015-12,053-664-2493,35.83367072,128.5590323,2019-03-27
"대구광역시 남구청",대구광역시 남구 대덕초등길 13,대구광역시 남구 대명11동 1497-8,생활방범,1,200,스피드돔 IR 일체형,30,2015-12,053-664-2493,35.83322004,128.5609661,2019-03-27
"대구광역시 남구청",대구광역시 남구 앞산순환로69길 19-1,대구광역시 남구 대명11동 1550-17,생활방범,1,200,스피드돔 IR 일체형,30,2015-12,053-664-2493,35.83131329,128.5639411,2019-03-27
"대구광역시 남구청",대구광역시 남구 매자안길 40,대구광역시 남구 대명11동 2768-56,생활방범,1,200,스피드돔 IR 일체형,30,2015-12,053-664-2493,35.8314953,128.5593489,2019-03-27
"대구광역시 남구청",대구광역시 남구 앞산순환로 651,대구광역시 남구 봉덕3동 1329-73,생활방범,1,200,스피드돔 IR 일체형,30,2015-12,053-664-2493,35.83307734,128.5961409,2019-03-27
"대구광역시 남구청",대구광역시 남구 앞산순환로 651,대구광역시 남구 봉덕3동 1329-73,생활방범,1,200,고정식 IR 일체형,30,2015-12,053-664-2493,35.83307734,128.5961409,2019-03-27
"대구광역시 남구청",대구광역시 남구 대명역1길 38,대구광역시 남구 대명6동 1049-6,생활방범,1,200,스피드돔 IR 일체형,30,2015-12,053-664-2493,35.83851079,128.5667263,2019-03-27
"대구광역시 남구청",대구광역시 남구 앞산순환로87길 56,대구광역시 남구 대명9동 551-1,생활방범,1,200,고정형,30,2016-05,053-664-2493,35.83287409,128.573128,2019-03-27
"대구광역시 남구청",대구광역시 남구 대명로15길 13,대구광역시 남구 대명10동 1607-60,생활방범,1,200,고정형,30,2016-05,053-664-2493,35.84069559,128.565967,2019-03-27
"대구광역시 남구청",대구광역시 남구 관문시장1길 75,대구광역시 남구 대명11동 1170-12,생활방범,1,200,고정형,30,2016-05,053-664-2493,35.83476338,128.5605232,2019-03-27
"대구광역시 남구청",대구광역시 남구 봉덕로21길 32-2,대구광역시 남구 봉덕1동 741-5,생활방범,1,200,고정형,30,2016-05,053-664-2493,35.84570466,128.5925603,2019-03-27
"대구광역시 남구청",대구광역시 남구 이천로6길 20,대구광역시 남구 봉덕3동 617-1,생활방범,1,200,고정형,30,2016-05,053-664-2493,35.84291303,128.5993142,2019-03-27
"대구광역시 남구청",대구광역시 남구 대덕로40길 61-1,대구광역시 남구 봉덕2동 1091-2,생활방범,1,200,고정형,30,2016-05,053-664-2493,35.83827913,128.6049135,2019-03-27
"대구광역시 남구청",대구광역시 남구 고산1길 19,대구광역시 남구 봉덕2동 1170-36,생활방범,1,200,고정형,30,2016-05,053-664-2493,35.83312715,128.6024061,2019-03-27
"대구광역시 남구청",대구광역시 남구 삼정4길 22,대구광역시 남구 봉덕3동 641-103,생활방범,1,200,고정형,30,2016-05,053-664-2493,35.83876922,128.5934163,2019-03-27
"대구광역시 남구청",대구광역시 남구 이천로1길 60,대구광역시 남구 봉덕3동 712-14,생활방범,1,200,고정형,30,2016-05,053-664-2493,35.84221586,128.5945158,2019-03-27
"대구광역시 남구청",대구광역시 남구 현충로19길 25,대구광역시 남구 대명1동 793-13,생활방범,1,200,고정형,30,2016-05,053-664-2493,35.84135687,128.5784915,2019-03-27
"대구광역시 남구청",대구광역시 남구 현충로19길 59-8,대구광역시 남구 대명1동 799-3,생활방범,1,200,고정형,30,2016-05,053-664-2493,35.84120323,128.5767082,2019-03-27
"대구광역시 남구청",대구광역시 남구 현충로25길 31,대구광역시 남구 대명1동 1669-12,생활방범,1,200,고정형,30,2016-05,053-664-2493,35.8439541,128.5782005,2019-03-27
"대구광역시 남구청",대구광역시 남구 대경길 28,대구광역시 남구 대명4동 3034-4,생활방범,1,200,고정형,30,2016-05,053-664-2493,35.84897348,128.5727791,2019-03-27
"대구광역시 남구청",대구광역시 남구 현충로19길 10,대구광역시 남구 대명1동 1675-1,생활방범,1,200,고정형,30,2016-05,053-664-2493,35.84157829,128.5793012,2019-03-27
"대구광역시 남구청",대구광역시 남구 명덕로26길 23,대구광역시 남구 대명2동 1887-14,생활방범,1,200,고정형,30,2016-05,053-664-2493,35.85528051,128.5844498,2019-03-27
"대구광역시 남구청",대구광역시 남구 현충로40길 77,대구광역시 남구 대명2동 1902-20,생활방범,1,200,고정형,30,2016-05,053-664-2493,35.85001242,128.585341,2019-03-27
"대구광역시 남구청",대구광역시 남구 현충로37길 7-2,대구광역시 남구 대명3동 1728-8,생활방범,1,200,고정형,30,2016-05,053-664-2493,35.84927182,128.580088,2019-03-27
"대구광역시 남구청",대구광역시 남구 현충로42길 24,대구광역시 남구 대명3동 1916-7,생활방범,1,200,고정형,30,2016-05,053-664-2493,35.85067268,128.5830209,2019-03-27
"대구광역시 남구청",대구광역시 남구 현충로39길 32,대구광역시 남구 대명3동 2153-2,생활방범,1,200,고정형,30,2016-05,053-664-2493,35.85068116,128.5794119,2019-03-27
"대구광역시 남구청",대구광역시 남구 명덕시장길 84,대구광역시 남구 대명5동 125-1,생활방범,1,200,고정형,30,2016-05,053-664-2493,35.84518797,128.5876634,2019-03-27
"대구광역시 남구청",대구광역시 남구 대명로57길 7,대구광역시 남구 대명5동 174-1,생활방범,1,200,고정형,30,2016-05,053-664-2493,35.84411076,128.5867698,2019-03-27
"대구광역시 남구청",대구광역시 남구 대명로54길 9,대구광역시 남구 대명5동 177-7,생활방범,1,200,고정형,30,2016-05,053-664-2493,35.84278775,128.5863726,2019-03-27
"대구광역시 남구청",대구광역시 남구 현충로24길 8,대구광역시 남구 대명5동 1675-1,생활방범,1,200,고정형,30,2016-05,053-664-2493,35.84570466,128.5925603,2019-03-27
"대구광역시 남구청",대구광역시 남구 안지랑로5길 31,대구광역시 남구 대명6동 582-32,생활방범,1,200,고정형,30,2016-05,053-664-2493,35.83284183,128.5685454,2019-03-27
"대구광역시 남구청",대구광역시 남구 대명로20길 85,대구광역시 남구 대명6동 1020-4,생활방범,1,200,고정형,30,2016-05,053-664-2493,35.83535824,128.568187,2019-03-27
"대구광역시 남구청",대구광역시 남구 안지랑로19길 53,대구광역시 남구 대명6동 1074-4,생활방범,1,200,고정형,30,2016-05,053-664-2493,35.83750212,128.5665531,2019-03-27
"대구광역시 남구청",대구광역시 남구 자유1길 97-1,대구광역시 남구 대명9동 467-5,생활방범,1,200,고정형,30,2016-05,053-664-2493,35.83683505,128.583484,2019-03-27
"대구광역시 남구청",대구광역시 남구 고산4길 2,대구광역시 남구 봉덕2동 1184-6,생활방범,1,200,고정형,30,2016-05,053-664-2493,35.83260623,128.6038299,2019-03-27
"대구광역시 남구청",대구광역시 남구 영선시장2길 15,대구광역시 남구 대명2동 1985-4,생활방범,1,200,고정형,30,2016-05,053-664-2493,35.85070875,128.5922101,2019-03-27
"대구광역시 남구청",대구광역시 남구 경상길 20,대구광역시 남구 대명4동 3028-2,생활방범,1,200,고정형,30,2016-05,053-664-2493,35.84688534,128.5740482,2019-03-27
"대구광역시 남구청",대구광역시 남구 대명로10길 14,대구광역시 남구 대명6동 1427-4,생활방범,1,200,고정형,30,2016-05,053-664-2493,35.8375446,128.5632769,2019-03-27
"대구광역시 남구청",대구광역시 남구 대명남로 1,대구광역시 남구 대명11동 1258-8,생활방범,1,200,초저조도 스피드돔 카메라,30,2016-05,053-664-2493,35.83309441,128.5589176,2019-03-27
"대구광역시 남구청",대구광역시 남구 봉덕로1길 105,대구광역시 남구 대명2동 5-15,생활방범,1,200,초저조도IR 스피드돔카메라,30,2016-08,053-664-2493,35.84965915,128.5930326,2019-03-27
"대구광역시 남구청",대구광역시 남구 장전1길 206,대구광역시 남구 대명1동 1677-24,생활방범,1,200,초저조도 스피드돔 카메라,30,2016-04,053-664-2493,35.84296618,128.5793335,2019-03-27
"대구광역시 남구청",대구광역시 남구 계명6길 18,대구광역시 남구 대명3동 2253-1,생활방범,1,200,초저조도 스피드돔 카메라,30,2016-04,053-664-2493,35.85355449,128.5779382,2019-03-27
"대구광역시 남구청",대구광역시 남구 현충서길 98,대구광역시 남구 대명4동 1728-16,생활방범,1,200,초저조도 스피드돔 카메라,30,2016-04,053-664-2493,35.84821929,128.5796707,2019-03-27
"대구광역시 남구청",대구광역시 남구 명덕시장길 55,대구광역시 남구 대명5동 309-1,생활방범,1,200,초저조도 스피드돔 카메라,30,2016-04,053-664-2493,35.84532168,128.5861256,2019-03-27
"대구광역시 남구청",대구광역시 남구 안지랑로17길 69-2,대구광역시 남구 대명6동 1040-98,생활방범,1,200,초저조도 스피드돔 카메라,30,2016-04,053-664-2493,35.83699378,128.5673132,2019-03-27
"대구광역시 남구청",대구광역시 남구 대명로20길 55,대구광역시 남구 대명6동 988-3,생활방범,1,200,초저조도 고정형 카메라,30,2016-04,053-664-2493,35.83673717,128.568208,2019-03-27
"대구광역시 남구청",대구광역시 남구 대명로20길 66-4,대구광역시 남구 대명6동 1039-22,생활방범,1,200,초저조도 고정형 카메라,30,2016-04,053-664-2493,35.83650551,128.5676418,2019-03-27
"대구광역시 남구청",대구광역시 남구 안지랑로17길 69-6,대구광역시 남구 대명6동 1040-82,생활방범,1,200,초저조도 고정형 카메라,30,2016-04,053-664-2493,35.83684957,128.5673122,2019-03-27
"대구광역시 남구청",대구광역시 남구 대명로20길 65,대구광역시 남구 대명6동 989-16,생활방범,1,200,초저조도 고정형 카메라,30,2016-04,053-664-2493,35.83634055,128.5682162,2019-03-27
"대구광역시 남구청",대구광역시 남구 대명로20길 65,대구광역시 남구 대명6동 989-16,생활방범,1,200,초저조도 고정형 카메라,30,2016-04,053-664-2493,35.83634055,128.5682162,2019-03-27
"대구광역시 남구청",대구광역시 남구 대명복개로 96,대구광역시 남구 대명10동 1595-3,생활방범,1,200,초저조도 스피드돔 카메라,30,2016-04,053-664-2493,35.84071311,128.5641628,2019-03-27
"대구광역시 남구청",대구광역시 남구 대명복개로7길 15,대구광역시 남구 대명10동 1599-17,생활방범,1,200,초저조도 스피드돔 카메라,30,2016-04,053-664-2493,35.84091086,128.5623598,2019-03-27
"대구광역시 남구청",대구광역시 남구 성당로 196,대구광역시 남구 대명4동 3023-23,생활방범,1,200,초저조도 고정형 카메라,30,2016-06,053-664-2493,35.85014442,128.5729425,2019-03-27
"대구광역시 남구청",대구광역시 남구 성당로 196,대구광역시 남구 대명4동 3023-23,생활방범,1,200,초저조도 고정형 카메라,30,2016-06,053-664-2493,35.85014442,128.5729425,2019-03-27
"대구광역시 남구청",대구광역시 남구 봉덕로1길 119,대구광역시 남구 대명2동 5-21,생활방범,1,200,초저조도IR 스피드돔카메라,30,2016-08,053-664-2493,35.85015415,128.5931802,2019-03-27
"대구광역시 남구청",대구광역시 남구 봉덕로1길 119,대구광역시 남구 대명2동 5-21,생활방범,1,200,초저조도 고정형 카메라,30,2016-08,053-664-2493,35.85015415,128.5931802,2019-03-27
"대구광역시 남구청",대구광역시 남구 성당로62길 20,대구광역시 남구 대명3동 2278-16,생활방범,1,200,초저조도 스피드돔 카메라,30,2016-12,053-664-2493,35.85879356,128.5755737,2019-03-27
"대구광역시 남구청",대구광역시 남구 성당로62길 20,대구광역시 남구 대명3동 2278-16,생활방범,1,200,초저조도 고정형 카메라,30,2016-12,053-664-2493,35.85879356,128.5755737,2019-03-27
"대구광역시 남구청",대구광역시 남구 명덕로16길 42,대구광역시 남구 대명3동 2559-7,생활방범,1,200,초저조도 스피드돔 카메라,30,2016-12,053-664-2493,35.85650509,128.5772621,2019-03-27
"대구광역시 남구청",대구광역시 남구 계명중앙1길 42,대구광역시 남구 대명3동 2132-8,생활방범,1,200,초저조도 스피드돔 카메라,30,2016-12,053-664-2493,35.8558959,128.582085,2019-03-27
"대구광역시 남구청",대구광역시 남구 계명3길 17,대구광역시 남구 대명3동 2247-5,생활방범,1,200,초저조도 스피드돔 카메라,30,2016-12,053-664-2493,35.85535548,128.5782834,2019-03-27
"대구광역시 남구청",대구광역시 남구 양지북길 132,대구광역시 남구 대명3동 2142-1,생활방범,1,200,초저조도 스피드돔 카메라,30,2016-12,053-664-2493,35.85239594,128.5808083,2019-03-27
"대구광역시 남구청",대구광역시 남구 양지북길 132,대구광역시 남구 대명3동 2142-1,생활방범,1,200,초저조도 고정형 카메라,30,2016-12,053-664-2493,35.85239594,128.5808083,2019-03-27
"대구광역시 남구청",대구광역시 남구 양지북길 170,대구광역시 남구 대명3동 2140-40,생활방범,1,200,초저조도 고정형 카메라,30,2016-12,053-664-2493,35.85333418,128.5824869,2019-03-27
"대구광역시 남구청",대구광역시 남구 양지북길 170,대구광역시 남구 대명3동 2140-40,생활방범,1,200,초저조도 고정형 카메라,30,2016-12,053-664-2493,35.85333418,128.5824869,2019-03-27
"대구광역시 남구청",대구광역시 남구 명덕로18길 12,대구광역시 남구 대명3동 2533-3,생활방범,1,200,초저조도 스피드돔 카메라,30,2016-12,053-664-2493,35.85752535,128.5787643,2019-03-27
"대구광역시 남구청",대구광역시 남구 계명4길 1,대구광역시 남구 대명3동 2250-37,생활방범,1,200,초저조도 스피드돔 카메라,30,2016-12,053-664-2493,35.85457648,128.5772149,2019-03-27
"대구광역시 남구청",대구광역시 남구 양지북길 34,대구광역시 남구 대명3동 2310-39,생활방범,1,200,초저조도 스피드돔 카메라,30,2016-12,053-664-2493,35.85148401,128.5755318,2019-03-27
"대구광역시 남구청",대구광역시 남구 명덕로18길 136,대구광역시 남구 대명3동 2257-1,생활방범,1,200,초저조도 스피드돔 카메라,30,2016-12,053-664-2493,35.85195104,128.5777494,2019-03-27
"대구광역시 남구청",대구광역시 남구 명덕로20길 78,대구광역시 남구 대명3동 2244-16,생활방범,1,200,초저조도 스피드돔 카메라,30,2016-12,053-664-2493,35.8540543,128.5789604,2019-03-27
"대구광역시 남구청",대구광역시 남구 양지남길 143,대구광역시 남구 대명3동 2146-18,생활방범,1,200,초저조도 스피드돔 카메라,30,2016-12,053-664-2493,35.8515469,128.5811785,2019-03-27
"대구광역시 남구청",대구광역시 남구 양지로14길 12,대구광역시 남구 대명3동 2150-5,생활방범,1,200,초저조도 스피드돔 카메라,30,2016-12,053-664-2493,35.85110987,128.5802232,2019-03-27
"대구광역시 남구청",대구광역시 남구 양지남길 83,대구광역시 남구 대명3동 2155-13,생활방범,1,200,초저조도 스피드돔 카메라,30,2016-12,053-664-2493,35.85070566,128.5780725,2019-03-27
"대구광역시 남구청",대구광역시 남구 현충로39길 12,대구광역시 남구 대명3동 2149-5,생활방범,1,200,초저조도 스피드돔 카메라,30,2016-12,053-664-2493,35.85064796,128.5806848,2019-03-27
"대구광역시 남구청",대구광역시 남구 현충서길 124,대구광역시 남구 대명3동 1728-18,생활방범,1,200,초저조도 스피드돔 카메라,30,2016-12,053-664-2493,35.84936372,128.5797233,2019-03-27
"대구광역시 남구청",대구광역시 남구 현충서길 80,대구광역시 남구 대명3동 1725-1,생활방범,1,200,초저조도 스피드돔 카메라,30,2016-12,053-664-2493,35.84748253,128.5791893,2019-03-27
"대구광역시 남구청",대구광역시 남구 중앙대로41길 57-1,대구광역시 남구 대명2동 1936-2,생활방범,1,200,초저조도 스피드돔 카메라,30,2016-12,053-664-2493,35.85038806,128.5877793,2019-03-27
"대구광역시 남구청",대구광역시 남구 중앙대로41길 43-3,대구광역시 남구 대명2동 1945-3,생활방범,1,200,초저조도 스피드돔 카메라,30,2016-12,053-664-2493,35.85020405,128.5885419,2019-03-27
"대구광역시 남구청",대구광역시 남구 명덕로40길 127,대구광역시 남구 대명2동 1796-9,생활방범,1,200,초저조도 스피드돔 카메라,30,2016-12,053-664-2493,35.85106216,128.5899985,2019-03-27
"대구광역시 남구청",대구광역시 남구 중앙대로 195,대구광역시 남구 대명2동 1974,생활방범,1,200,초저조도 고정형 카메라,30,2016-12,053-664-2493,35.85070908,128.590317,2019-03-27
"대구광역시 남구청",대구광역시 남구 중앙대로39길 13,대구광역시 남구 대명2동 1978-2,생활방범,1,200,초저조도 스피드돔 카메라,30,2016-12,053-664-2493,35.8502865,128.5901035,2019-03-27
"대구광역시 남구청",대구광역시 남구 중앙대로40길 37,대구광역시 남구 대명2동 15-153,생활방범,1,200,초저조도 스피드돔 카메라,30,2016-12,053-664-2493,35.8501204,128.592715,2019-03-27
"대구광역시 남구청",대구광역시 남구 봉덕로1길 76-19,대구광역시 남구 대명2동 22-40,생활방범,1,200,초저조도 스피드돔 카메라,30,2016-12,053-664-2493,35.84867953,128.5924607,2019-03-27
"대구광역시 남구청",대구광역시 남구 중앙대로38길 30-2,대구광역시 남구 대명2동 17-69,생활방범,1,200,,30,2016-12,053-664-2493,35.84876305,128.5919742,2019-03-27
"대구광역시 남구청",대구광역시 남구 중앙대로36길 9-12,대구광역시 남구 대명2동 17-52,생활방범,1,200,초저조도 고정형 카메라,30,2016-12,053-664-2493,35.84886476,128.5914546,2019-03-27
"대구광역시 남구청",대구광역시 남구 중앙대로36길 7-1,대구광역시 남구 대명2동 17-117,생활방범,1,200,초저조도 스피드돔 카메라,30,2016-12,053-664-2493,35.8485787,128.5909765,2019-03-27
"대구광역시 남구청",대구광역시 남구 중앙대로35길 22-2,대구광역시 남구 대명2동 1979-31,생활방범,1,200,초저조도 스피드돔 카메라,30,2016-12,053-664-2493,35.8497478,128.5896788,2019-03-27
"대구광역시 남구청",대구광역시 남구 중앙대로35길 36-2,대구광역시 남구 대명2동 1953-11,생활방범,1,200,초저조도 스피드돔 카메라,30,2016-12,053-664-2493,35.849553,128.5889688,2019-03-27
"대구광역시 남구청",대구광역시 남구 대구광역시 남구,대구광역시 남구 대명9동 산186-2,생활방범,1,200,초저조도 스피드돔 카메라,30,2016-12,053-664-2493,35.84570466,128.5925603,2019-03-27
"대구광역시 남구청",대구광역시 남구 대구광역시 남구,대구광역시 남구 대명9동 산186-2,생활방범,1,200,초저조도 양방향카메라,30,2016-12,053-664-2493,35.84570466,128.5925603,2019-03-27
"대구광역시 남구청",대구광역시 남구 대구광역시 남구,대구광역시 남구 대명9동 산186-2,생활방범,1,200,초저조도 양방향카메라,30,2016-12,053-664-2493,35.84570466,128.5925603,2019-03-27
"대구광역시 남구청",대구광역시 남구 두류공원로12길 25-29,대구광역시 남구 대명1동 642-154,생활방범,1,200,초저조도 스피드돔 카메라,30,2017-03,053-664-2493,35.84360117,128.5728622,2019-03-27
"대구광역시 남구청",대구광역시 남구 중앙대로52길 48,대구광역시 남구 대명2동 2017-2,생활방범,1,200,초저조도 양방향카메라,30,2017-03,053-664-2493,35.85493121,128.5931716,2019-03-27
"대구광역시 남구청",대구광역시 남구 명덕로48길 33,대구광역시 남구 이천동 644-11,생활방범,1,200,초저조도 스피드돔 카메라,30,2017-03,053-664-2493,35.85503504,128.594047,2019-03-27
"대구광역시 남구청",대구광역시 남구 양지남길 36,대구광역시 남구 대명4동 3011-40,생활방범,1,200,초저조도 스피드돔 카메라,30,2017-03,053-664-2493,35.85051109,128.5754251,2019-03-27
"대구광역시 남구청",대구광역시 남구 양지남길 36,대구광역시 남구 대명4동 3011-40,생활방범,1,200,초저조도 양방향카메라,30,2017-03,053-664-2493,35.85051109,128.5754251,2019-03-27
"대구광역시 남구청",대구광역시 남구 대경1길 18,대구광역시 남구 대명4동 3027-1,생활방범,1,200,초저조도 스피드돔 카메라,30,2017-03,053-664-2493,35.8476796,128.5738215,2019-03-27
"대구광역시 남구청",대구광역시 남구 대경길 148,대구광역시 남구 대명1동 1221-119,생활방범,1,200,초저조도 양방향카메라,30,2017-03,053-664-2493,35.8450195,128.574068,2019-03-27
"대구광역시 남구청",대구광역시 남구 중앙대로27길 39,대구광역시 남구 대명5동 133-18,생활방범,1,200,초저조도 양방향카메라,30,2017-03,053-664-2493,35.84328394,128.5899519,2019-03-27
"대구광역시 남구청",대구광역시 남구 중앙대로31길 15-34,대구광역시 남구 대명5동 194-49,생활방범,1,200,초저조도 양방향카메라,30,2017-03,053-664-2493,35.8466893,128.588715,2019-03-27
"대구광역시 남구청",대구광역시 남구 중앙대로31길 15-7,대구광역시 남구 대명5동 48-20,생활방범,1,200,초저조도 스피드돔 카메라,30,2017-03,053-664-2493,35.84658633,128.5892347,2019-03-27
"대구광역시 남구청",대구광역시 남구 대명로15길 26-84,대구광역시 남구 대명10동 1609-34,생활방범,1,200,초저조도 스피드돔 카메라,30,2017-03,053-664-2493,35.84122092,128.5673323,2019-03-27
"대구광역시 남구청",대구광역시 남구 두류공원로 41,대구광역시 남구 대명10동 1644-38,생활방범,1,200,초저조도 양방향카메라,30,2017-03,053-664-2493,35.8414563,128.5728024,2019-03-27
"대구광역시 남구청",대구광역시 남구 대경3길 20-1,대구광역시 남구 대명4동 3029-12,생활방범,1,200,초저조도 양방향카메라,30,2017-03,053-664-2493,35.84586815,128.5737752,2019-03-27
"대구광역시 남구청",대구광역시 남구 경상1길 21,대구광역시 남구 대명4동 3027-52,생활방범,1,200,초저조도 양방향카메라,30,2017-03,053-664-2493,35.84693263,128.5735836,2019-03-27
"대구광역시 남구청",대구광역시 남구 대경2길 6-1,대구광역시 남구 대명4동 3027-79,생활방범,1,200,초저조도 고정형 카메라,30,2017-04,053-664-2493,35.84679829,128.5734055,2019-03-27
"대구광역시 남구청",대구광역시 남구 삼각지1길 35,대구광역시 남구 대명2동 1840-30,생활방범,1,200,초저조도 스피드돔 카메라,30,2017-05,053-664-2493,35.84927184,128.5856455,2019-03-27
"대구광역시 남구청",대구광역시 남구 중앙대로40길 56,대구광역시 남구 대명2동 15-133,생활방범,1,200,초저조도 양방향카메라,30,2017-05,053-664-2493,35.85075021,128.5929411,2019-03-27
"대구광역시 남구청",대구광역시 남구 중앙대로38길 29-62,대구광역시 남구 대명2동 15-192,생활방범,1,200,초저조도 스피드돔 카메라,30,2017-05,053-664-2493,35.8495622,128.592589,2019-03-27
"대구광역시 남구청",대구광역시 남구 중앙대로38길 29-17,대구광역시 남구 대명2동 19-16,생활방범,1,200,초저조도 스피드돔 카메라,30,2017-05,053-664-2493,35.84910609,128.591866,2019-03-27
"대구광역시 남구청",대구광역시 남구 중앙대로36길 21,대구광역시 남구 대명2동 17-74,생활방범,1,200,초저조도 스피드돔 카메라,30,2017-05,053-664-2493,35.84860235,128.591663,2019-03-27
"대구광역시 남구청",대구광역시 남구 현충로40길 50,대구광역시 남구 대명2동 1835-3,생활방범,1,200,초저조도 양방향카메라,30,2017-05,053-664-2493,35.84902229,128.5832192,2019-03-27
"대구광역시 남구청",대구광역시 남구 중앙대로38길 2,대구광역시 남구 대명동17-94,생활방범,1,200,초저조도 양방향카메라,30,2017-10,053-664-2493,35.8491375,128.5909806,2019-03-27
"대구광역시 남구청",대구광역시 남구 중앙대로38길 2,대구광역시 남구 대명동17-94,생활방범,1,200,초저조도 스피드돔 카메라,30,2017-10,053-664-2493,35.8491375,128.5909806,2019-03-27
"대구광역시 남구청",대구광역시 남구 중앙대로40길 48-2,대구광역시 남구 대명동 15-6,생활방범,1,200,초저조도 스피드돔 카메라,30,2017-10,053-664-2493,35.85035347,128.5929714,2019-03-27
"대구광역시 남구청",대구광역시 남구 현충로40길 45,대구광역시 남구 대명동 1910-6,생활방범,1,200,초저조도 스피드돔 카메라,30,2017-10,053-664-2493,35.84971375,128.5837446,2019-03-27
"대구광역시 남구청",대구광역시 남구 용두1길 73,대구광역시 남구 봉덕2동 1223-7,생활방범,1,200,초저조도 스피드돔 카메라,30,2017-11,053-664-2493,35.83063095,128.6041027,2019-03-27
"대구광역시 남구청",대구광역시 남구 효명길 145,대구광역시 남구 봉덕3동 1329-54,생활방범,1,200,초저조도 양방향카메라,30,2017-11,053-664-2493,35.83377627,128.5933347,2019-03-27
"대구광역시 남구청",대구광역시 남구 중앙대로47길 109,대구광역시 남구 대명3동 1884-4,생활방범,1,200,초저조도 스피드돔 카메라,30,2017-11,053-664-2493,35.85425201,128.5846526,2019-03-27
"대구광역시 남구청",대구광역시 남구 중앙대로31길 188-2,대구광역시 남구 대명3동 1899-5,생활방범,1,200,초저조도 양방향카메라,30,2017-11,053-664-2493,35.85238099,128.583886,2019-03-27
"대구광역시 남구청",대구광역시 남구 현충로46길 5,대구광역시 남구 대명3동 1923-12,생활방범,1,200,초저조도 스피드돔 카메라,30,2017-11,053-664-2493,35.85188208,128.5826866,2019-03-27
"대구광역시 남구청",대구광역시 남구 성당로58길 5,대구광역시 남구 대명3동 2280-15,생활방범,1,200,초저조도 양방향카메라,30,2017-11,053-664-2493,35.85804019,128.5747932,2019-03-27
"대구광역시 남구청",대구광역시 남구 양지로 31,대구광역시 남구 대명3동 2310-24,생활방범,1,200,초저조도 스피드돔 카메라,30,2017-11,053-664-2493,35.85121378,128.5754966,2019-03-27
"대구광역시 남구청",대구광역시 남구 성당시장길 94,대구광역시 남구 대명4동 3024-33,생활방범,1,200,초저조도 양방향카메라,30,2017-11,053-664-2493,35.84947857,128.5727053,2019-03-27
"대구광역시 남구청",대구광역시 남구 두류공원로17길 39,대구광역시 남구 대명4동 3051-16,생활방범,1,200,초저조도 스피드돔 카메라,30,2017-11,053-664-2493,35.84435618,128.5676204,2019-03-27
"대구광역시 남구청",대구광역시 남구 두류공원로19길 43,대구광역시 남구 대명4동 3053-42,생활방범,1,200,초저조도 양방향카메라,30,2017-11,053-664-2493,35.84462117,128.5668584,2019-03-27
"대구광역시 남구청",대구광역시 남구 성당로 86-1,대구광역시 남구 대명4동 3055-1,생활방범,1,200,초저조도 스피드돔 카메라,30,2017-11,053-664-2493,35.84431267,128.5634688,2019-03-27
"대구광역시 남구청",대구광역시 남구 대경5길 23,대구광역시 남구 대명4동 3016-95,생활방범,1,200,초저조도 스피드돔 카메라,30,2017-11,053-664-2493,35.84647959,128.5759605,2019-03-27
"대구광역시 남구청",대구광역시 남구 대경5길 41-11,대구광역시 남구 대명4동 3016-16,생활방범,1,200,초저조도 스피드돔 카메라,30,2017-11,053-664-2493,35.84709465,128.575511,2019-03-27
"대구광역시 남구청",대구광역시 남구 대명로14길 81,대구광역시 남구 대명6동 1089-11,생활방범,1,200,초저조도 스피드돔 카메라,30,2017-11,053-664-2493,35.83550871,128.564956,2019-03-27
"대구광역시 남구청",대구광역시 남구 성당로 2,대구광역시 남구 대명10동 1226-11,생활방범,1,200,초저조도 스피드돔 카메라,30,2017-11,053-664-2493,35.83827967,128.5583563,2019-03-27
"대구광역시 남구청",대구광역시 남구 대명로21길 24,대구광역시 남구 대명10동 1634-14,생활방범,1,200,초저조도 스피드돔 카메라,30,2017-11,053-664-2493,35.84067075,128.5693098,2019-03-27
"대구광역시 남구청",대구광역시 남구 대명로25길 50,대구광역시 남구 대명동 1646-8,생활방범,1,200,초저조도 양방향카메라,30,2017-11,053-664-2493,35.84174167,128.5715536,2019-03-27
"대구광역시 남구청",대구광역시 남구 양지남길 57,대구광역시 남구 대명4동 3000-12,생활방범,1,200,초저조도 양방향카메라,30,2017-12,053-664-2493,35.85073936,128.5766888,2019-03-27
"대구광역시 남구청",대구광역시 남구 대봉로28길 18-1,대구광역시 남구 이천동 267-13,생활방범,1,200,초저조도 양방향카메라,30,2018-03,053-664-2493,35.85080053,128.6045217,2019-03-27
"대구광역시 남구청",대구광역시 남구 이천로19길 32,대구광역시 남구 이천동 508-15,생활방범,1,200,초저조도 스피드돔 카메라,30,2018-03,053-664-2493,35.85000187,128.5966221,2019-03-27
"대구광역시 남구청",대구광역시 남구 봉덕로17길 11,대구광역시 남구 봉덕1동 605-1,생활방범,1,200,초저조도 스피드돔 카메라,30,2018-03,053-664-2493,35.84535437,128.5995651,2019-03-27
"대구광역시 남구청",대구광역시 남구 효성로 39,대구광역시 남구 봉덕1동 1292-81,생활방범,1,200,초저조도 양방향카메라,30,2018-03,053-664-2493,35.83708344,128.5989161,2019-03-27
"대구광역시 남구청",대구광역시 남구 봉덕로6길 9-1,대구광역시 남구 봉덕3동 596-21,생활방범,1,200,초저조도 스피드돔 카메라,30,2018-03,053-664-2493,35.84463824,128.593139,2019-03-27
"대구광역시 남구청",대구광역시 남구 중앙대로22길 156,대구광역시 남구 봉덕3동 618-1,생활방범,1,200,초저조도 스피드돔 카메라,30,2018-03,053-664-2493,35.84218332,128.5992423,2019-03-27
"대구광역시 남구청",대구광역시 남구 대덕로29길 20-2,대구광역시 남구 봉덕3동 618-43,생활방범,1,200,초저조도 양방향카메라,30,2018-03,053-664-2493,35.84191531,128.5987643,2019-03-27
"대구광역시 남구청",대구광역시 남구 봉덕남로 142,대구광역시 남구 봉덕3동 683-13,생활방범,1,200,초저조도 양방향카메라,30,2018-03,053-664-2493,35.84127824,128.5963795,2019-03-27
"대구광역시 남구청",대구광역시 남구 이천로 5,대구광역시 남구 봉덕3동 689-5,생활방범,1,200,초저조도 스피드돔 카메라,30,2018-03,053-664-2493,35.84151503,128.5976986,2019-03-27
"대구광역시 남구청",대구광역시 남구 명덕로28길 56,대구광역시 남구 대명2동 1883-10,생활방범,1,200,초저조도 양방향카메라,30,2018-03,053-664-2493,35.85391523,128.5853254,2019-03-27
"대구광역시 남구청",대구광역시 남구 대경1길 57-22,대구광역시 남구 대명4동 3020-91,생활방범,1,200,초저조도 스피드돔 카메라,30,2018-03,053-664-2493,35.84916042,128.5751496,2019-03-27
"대구광역시 남구청",대구광역시 남구 안지랑로 10,대구광역시 남구 대명6동 558-3,생활방범,1,200,초저조도 스피드돔 카메라,30,2018-03,053-664-2493,35.83241239,128.5716636,2019-03-27
"대구광역시 남구청",대구광역시 남구 대명남로 98,대구광역시 남구 대명6동 607-1,생활방범,1,200,초저조도 스피드돔 카메라,30,2018-03,053-664-2493,35.83460712,128.5688237,2019-03-27
"대구광역시 남구청",대구광역시 남구 대명복개로1길 43,대구광역시 남구 대명10동 1225-4,생활방범,1,200,초저조도 스피드돔 카메라,30,2018-03,053-664-2493,35.84144973,128.5608471,2019-03-27
"대구광역시 남구청",대구광역시 남구 도촌길 78,대구광역시 남구 대명10동 1626-6,생활방범,1,200,초저조도 양방향카메라,30,2018-03,053-664-2493,35.84079133,128.5685912,2019-03-27
"대구광역시 남구청",대구광역시 남구 대명로 125,대구광역시 남구 대명10동 1637-12,생활방범,1,200,초저조도 스피드돔 카메라,30,2018-03,053-664-2493,35.83958762,128.571527,2019-03-27
"대구광역시 남구청",대구광역시 남구 중앙대로 215,대구광역시 남구 대명2동 1794-8,생활방범,1,200,초저조도 스피드돔 카메라,30,2018-07,053-664-2493,35.85253908,128.5902531,2019-03-27
"대구광역시 남구청",대구광역시 남구 현충로36길 12,대구광역시 남구 대명2동 1740-19,생활방범,1,200,초저조도 스피드돔 카메라,30,2018-07,053-664-2493,35.84863448,128.5814118,2019-03-27
"대구광역시 남구청",대구광역시 남구 안지랑로 26,대구광역시 남구 대명9동615-10,생활방범,1,200,초저조도 스피드돔 카메라,30,2018-07,053-664-2493,35.83367495,128.5715177,2019-03-27
"대구광역시 남구청",대구광역시 남구 현충로 39,대구광역시 남구 대명9동 501-3,생활방범,1,200,초저조도 스피드돔 카메라,30,2018-07,053-664-2493,35.83649456,128.5793527,2019-03-27
"대구광역시 남구청",대구광역시 남구 대봉로26길 33,대구광역시 남구 이천동 253-2,어린이보호,1,200,저조도 고정형 카메라,30,2016-03,053-664-2493,35.8516824,128.6048052,2019-03-27
"대구광역시 남구청",대구광역시 남구 대봉로26길 33,대구광역시 남구 이천동 238-5,어린이보호,1,200,저조도 고정형 카메라,30,2016-03,053-664-2493,35.8516824,128.6048052,2019-03-27
"대구광역시 남구청",대구광역시 남구 명덕로52길 33,대구광역시 남구 이천동 640-10,어린이보호,1,200,저조도 고정형 카메라,30,2016-03,053-664-2493,35.85501613,128.5960398,2019-03-27
"대구광역시 남구청",대구광역시 남구 이천로25길 64,대구광역시 남구 이천동 451-16,어린이보호,1,200,저조도 고정형 카메라,30,2016-03,053-664-2493,35.85265162,128.5948374,2019-03-27
"대구광역시 남구청",대구광역시 남구 앞산순환로 707,대구광역시 남구 봉덕3동 1164,어린이보호,1,200,저조도 고정형 카메라,30,2016-03,053-664-2493,35.83465717,128.6010562,2019-03-27
"대구광역시 남구청",대구광역시 남구 앞산순환로 707,대구광역시 남구 봉덕3동 1164,어린이보호,1,200,저조도 고정형 카메라,30,2016-03,053-664-2493,35.83465717,128.6010562,2019-03-27
"대구광역시 남구청",대구광역시 남구 효성로 71,대구광역시 남구 봉덕3동 1292-40,어린이보호,1,200,저조도 고정형 카메라,30,2016-03,053-664-2493,35.83968959,128.5968436,2019-03-27
"대구광역시 남구청",대구광역시 남구 효성로 71,대구광역시 남구 봉덕3동 1292-40,어린이보호,1,200,저조도 고정형 카메라,30,2016-03,053-664-2493,35.83968959,128.5968436,2019-03-27
"대구광역시 남구청",대구광역시 남구 봉덕초등길 17,대구광역시 남구 봉덕3동 1361-143,어린이보호,1,200,저조도 고정형 카메라,30,2016-03,053-664-2493,35.83862182,128.5976879,2019-03-27
"대구광역시 남구청",대구광역시 남구 두류공원로 64,대구광역시 남구 대명1동 1649-3,어린이보호,1,200,저조도 고정형 카메라,30,2016-03,053-664-2493,35.84302278,128.5712971,2019-03-27
"대구광역시 남구청",대구광역시 남구 두류공원로 58,대구광역시 남구 대명1동 1649-8,어린이보호,1,200,저조도 고정형 카메라,30,2016-03,053-664-2493,35.84285796,128.5718384,2019-03-27
"대구광역시 남구청",대구광역시 남구 명덕로34길 56,대구광역시 남구 대명2동 1820-1,어린이보호,1,200,저조도 고정형 카메라,30,2016-03,053-664-2493,35.85406794,128.5872751,2019-03-27
"대구광역시 남구청",대구광역시 남구 명덕로34길 56,대구광역시 남구 대명2동 1820-1,어린이보호,1,200,저조도 고정형 카메라,30,2016-03,053-664-2493,35.85406794,128.5872751,2019-03-27
"대구광역시 남구청",대구광역시 남구 성당로50길 34,대구광역시 남구 대명3동 2294-1,어린이보호,1,200,저조도 고정형 카메라,30,2016-03,053-664-2493,35.85493384,128.5759996,2019-03-27
"대구광역시 남구청",대구광역시 남구 명덕로20길 24,대구광역시 남구 대명3동 2542-30,어린이보호,1,200,저조도 고정형 카메라,30,2016-03,053-664-2493,35.85640465,128.5793983,2019-03-27
"대구광역시 남구청",대구광역시 남구 두류공원로20길 47 건너,대구광역시 남구 대명4동 3039-10,어린이보호,1,200,저조도 고정형 카메라,30,2016-03,053-664-2493,35.84658538,128.5708024,2019-03-27
"대구광역시 남구청",대구광역시 남구 성당로30길 55,대구광역시 남구 대명4동 3050,어린이보호,1,200,저조도 고정형 카메라,30,2016-03,053-664-2493,35.84515216,128.5708254,2019-03-27
"대구광역시 남구청",대구광역시 남구 (대체)현충동길 79,대구광역시 남구 현충동길 79,어린이보호,1,200,저조도 고정형 카메라,30,2016-03,053-664-2493,35.84570466,128.5925603,2019-03-27
"대구광역시 남구청",대구광역시 남구 현충동길 79,대구광역시 남구 현충동길 79,어린이보호,1,200,저조도 고정형 카메라,30,2016-03,053-664-2493,35.84496938,128.5807318,2019-03-27
"대구광역시 남구청",대구광역시 남구 대명로 100,대구광역시 남구 대명6동 960,어린이보호,1,200,저조도 고정형 카메라,30,2015-09,053-664-2493,35.8388701,128.5688874,2019-03-27
"대구광역시 남구청",대구광역시 남구 대명로 100,대구광역시 남구 대명6동 960,어린이보호,1,200,저조도 고정형 카메라,30,2016-03,053-664-2493,35.8388701,128.5688874,2019-03-27
"대구광역시 남구청",대구광역시 남구 (고정대체)앞산순환로93길 33,대구광역시 남구 앞산순환로93길 33,어린이보호,1,200,저조도 스피드돔 카메라,30,2016-03,053-664-2493,35.84570466,128.5925603,2019-03-27
"대구광역시 남구청",대구광역시 남구 큰골4길 30 건너,대구광역시 남구 큰골4길 30 건너,어린이보호,1,200,저조도 고정형 카메라,30,2016-03,053-664-2493,35.83506027,128.5814564,2019-03-27
"대구광역시 남구청",대구광역시 남구 큰골4길 41,대구광역시 남구 대명9동 479-1,어린이보호,1,200,저조도 고정형 카메라,30,2016-03,053-664-2493,35.83436364,128.5819937,2019-03-27
"대구광역시 남구청",대구광역시 남구 대명서로 28,대구광역시 남구 대명11동 1571-1,어린이보호,1,200,저조도 고정형 카메라,30,2016-03,053-664-2493,35.83044061,128.561677,2019-03-27
"대구광역시 남구청",대구광역시 남구 대명서로 28,대구광역시 남구 대명11동 1571-1,어린이보호,1,200,저조도 고정형 카메라,30,2016-03,053-664-2493,35.83044061,128.561677,2019-03-27
"대구광역시 남구청",대구광역시 남구 대명서1길 47 대각,대구광역시 남구 대명서1길 47 대각,어린이보호,1,200,저조도 스피드돔 카메라,30,2016-03,053-664-2493,35.83100044,128.5633855,2019-03-27
"대구광역시 남구청",대구광역시 남구 중앙대로 128,대구광역시 남구 봉덕3동 1301-33,어린이보호,1,200,초저조도 양방향카메라,30,2018-03,053-664-2493,35.8445686,128.5908138,2019-03-27
"대구광역시 남구청",대구광역시 남구 중앙대로 118,대구광역시 남구 봉덕3동 1303-1,어린이보호,1,200,초저조도 스피드돔 카메라,30,2018-03,053-664-2493,35.84370336,128.5908074,2019-03-27
"대구광역시 남구청",대구광역시 남구 효서길 7,대구광역시 남구 봉덕3동 1324,어린이보호,1,200,초저조도 양방향카메라,30,2018-03,053-664-2493,35.83780043,128.5979252,2019-03-27
"대구광역시 남구청",대구광역시 남구 삼정1길 55,대구광역시 남구 봉덕3동 1361-9,어린이보호,1,200,초저조도 양방향카메라,30,2018-03,053-664-2493,35.83785953,128.5969184,2019-03-27
"대구광역시 남구청",대구광역시 남구 중앙대로40길 10-1,대구광역시 남구 대명2동 1985-61,어린이보호,1,200,고정형 카메라,30,2011-07,053-664-2493,35.84992922,128.5912743,2019-03-27
"대구광역시 남구청",대구광역시 남구 중앙대로40길 20,대구광역시 남구 대명2동 15-117,어린이보호,1,200,초저조도 양방향카메라,30,2018-03,053-664-2493,35.84992649,128.5918279,2019-03-27
"대구광역시 남구청",대구광역시 남구 대명로 254-1,대구광역시 남구 대명5동 285-1,어린이보호,1,200,고정형 카메라,30,2011-07,053-664-2493,35.84226474,128.5845754,2019-03-27
"대구광역시 남구청",대구광역시 남구 안지랑로17길 85,대구광역시 남구 대명6동 1036-5,어린이보호,1,200,고정형 카메라,30,2011-07,053-664-2493,35.83691591,128.5666264,2019-03-27
"대구광역시 남구청",대구광역시 남구 안지랑로17길 93,대구광역시 남구 안지랑로17길 93,어린이보호,1,200,초저조도 양방향카메라,30,2018-03,053-664-2493,35.8368917,128.5660285,2019-03-27
"대구광역시 남구청",대구광역시 남구 (철거)대명남로 138,대구광역시 남구 대명남로 138,어린이보호,1,200,,30,2011-07,053-664-2493,35.83483829,128.573275,2019-03-27
"대구광역시 남구청",대구광역시 남구 대명남로 138,대구광역시 남구 대명9동 623-3,어린이보호,1,200,초저조도 양방향카메라,30,2018-03,053-664-2493,35.83483829,128.573275,2019-03-27
"대구광역시 남구청",대구광역시 남구 골안길 18,대구광역시 남구 대명11동 1200-12,어린이보호,1,200,고정형 카메라,30,2011-07,053-664-2493,35.83751815,128.5612289,2019-03-27
"대구광역시 남구청",대구광역시 남구 골안길 17,대구광역시 남구 대명11동 1202-1,어린이보호,1,200,고정형 카메라,30,2011-07,053-664-2493,35.83767914,128.5614957,2019-03-27
"대구광역시 남구청",대구광역시 남구 이천로28길 42-33 앞 전주,대구광역시 남구 이천동 318-1,어린이보호,1,200,고정형 카메라,30,2012-05,053-664-2493,35.85359035,128.5999926,2019-03-27
"대구광역시 남구청",대구광역시 남구 희망로5길 19,대구광역시 남구 이천동 752-1,어린이보호,1,200,초저조도 양방향카메라,30,2018-03,053-664-2493,35.84885763,128.6001451,2019-03-27
"대구광역시 남구청",대구광역시 남구 장전1길 91-3,대구광역시 남구 장전1길 91-3,어린이보호,1,200,고정형 카메라,30,2012-05,053-664-2493,35.84570466,128.5925603,2019-03-27
"대구광역시 남구청",대구광역시 남구 장전3길 124,대구광역시 남구 대명1동 1668-5,어린이보호,1,200,초저조도 양방향카메라,30,2018-03,053-664-2493,35.84202575,128.5780979,2019-03-27
"대구광역시 남구청",대구광역시 남구 양지로3길 58,대구광역시 남구 양지로3길 66,어린이보호,1,200,고정형 카메라,30,2012-05,053-664-2493,35.8537453,128.5757474,2019-03-27
"대구광역시 남구청",대구광역시 남구 양지로6길 21,대구광역시 남구 대명4동 3001-22,어린이보호,1,200,고정형 카메라,30,2012-05,053-664-2493,35.85019826,128.5767513,2019-03-27
"대구광역시 남구청",대구광역시 남구 대명로49길 12,대구광역시 남구 대명5동 1701-4,어린이보호,1,200,고정형 카메라,30,2012-05,053-664-2493,35.84276827,128.582974,2019-03-27
"대구광역시 남구청",대구광역시 남구 자유5길 21,대구광역시 남구 대명9동 463-15,어린이보호,1,200,고정형 카메라,30,2012-05,053-664-2493,35.83724787,128.5838523,2019-03-27
"대구광역시 남구청",대구광역시 남구 대명복개로 197,대구광역시 남구 대명복개로 197,어린이보호,1,200,고정형 카메라,30,2012-05,053-664-2493,35.84224765,128.5693986,2019-03-27
"대구광역시 남구청",대구광역시 남구 대명서로 47-2,대구광역시 남구 대명11동 1579-11,어린이보호,1,200,초저조도 스피드돔 카메라,30,2018-03,053-664-2493,35.83078021,128.5603734,2019-03-27
"대구광역시 남구청",대구광역시 남구 대명서2길 45,대구광역시 남구 대명11동 1564-2,어린이보호,1,200,초저조도 양방향카메라,30,2018-03,053-664-2493,35.83198618,128.5626841,2019-03-27
"대구광역시 남구청",대구광역시 남구 이천동 237-85,대구광역시 남구 이천동 237-85,어린이보호,1,200,스피드돔 IR 일체형,30,2014-09,053-664-2493,35.85016062,128.6062993,2019-03-27
"대구광역시 남구청",대구광역시 남구 대봉로 130 건너,대구광역시 남구 이천동 255-30,어린이보호,1,200,스피드돔 IR 일체형,30,2014-09,053-664-2493,35.85037226,128.6036549,2019-03-27
"대구광역시 남구청",대구광역시 남구 희망로7길 24,대구광역시 남구 이천동 361-42,어린이보호,1,200,스피드돔 IR 일체형,30,2014-09,053-664-2493,35.84890739,128.6028024,2019-03-27
"대구광역시 남구청",대구광역시 남구 이천로29길 28-1,대구광역시 남구 이천로29길 28-1,어린이보호,1,200,스피드돔 IR 일체형,30,2014-09,053-664-2493,35.8533966,128.5969907,2019-03-27
"대구광역시 남구청",대구광역시 남구 이천로28길 8-34,대구광역시 남구 이천동 381-7,어린이보호,1,200,스피드돔 IR 일체형,30,2014-09,053-664-2493,35.85290869,128.5993232,2019-03-27
"대구광역시 남구청",대구광역시 남구 앞산순환로 688,대구광역시 남구 봉덕3동 1272-5,어린이보호,1,200,스피드돔 IR 일체형,30,2014-09,053-664-2493,35.83323545,128.6005806,2019-03-27
"대구광역시 남구청",대구광역시 남구 효성로 20,대구광역시 남구 효성로 20,어린이보호,1,200,스피드돔 IR 일체형,30,2014-09,053-664-2493,35.83545397,128.6003317,2019-03-27
"대구광역시 남구청",대구광역시 남구 효성로 57,대구광역시 남구 봉덕3동 1292-114,어린이보호,1,200,스피드돔 IR 일체형,30,2014-09,053-664-2493,35.83846407,128.5985944,2019-03-27
"대구광역시 남구청",대구광역시 남구 삼정1길 10,대구광역시 남구 봉덕3동 1379-4,어린이보호,1,200,스피드돔 IR 일체형,30,2014-09,053-664-2493,35.83978962,128.5966672,2019-03-27
"대구광역시 남구청",대구광역시 남구 두류공원로16길 11,대구광역시 남구 두류공원로16길 11,어린이보호,1,200,스피드돔 IR 일체형,30,2014-09,053-664-2493,35.84363656,128.5711134,2019-03-27
"대구광역시 남구청",대구광역시 남구 장전1길 69-1,대구광역시 남구 대명1동 1654-23,어린이보호,1,200,스피드돔 IR 일체형,30,2014-09,053-664-2493,35.841147,128.5752798,2019-03-27
"대구광역시 남구청",대구광역시 남구 계명2길 1,대구광역시 남구 계명2길 1,어린이보호,1,200,스피드돔 IR 일체형,30,2014-09,053-664-2493,35.85589599,128.5764716,2019-03-27
"대구광역시 남구청",대구광역시 남구 명덕로14길 98,대구광역시 남구 명덕로14길 98,어린이보호,1,200,스피드돔 IR 일체형,30,2014-09,053-664-2493,35.85430054,128.5764932,2019-03-27
"대구광역시 남구청",대구광역시 남구 성당로48길 43,대구광역시 남구 대명3동 2299-55,어린이보호,1,200,스피드돔 IR 일체형,30,2014-09,053-664-2493,35.8534265,128.5764426,2019-03-27
"대구광역시 남구청",대구광역시 남구 명덕로8길 138-2,대구광역시 남구 대명3동 2304-12,어린이보호,1,200,스피드돔 IR 일체형,30,2014-09,053-664-2493,35.85332738,128.5745598,2019-03-27
"대구광역시 남구청",대구광역시 남구 대경길 67-1,대구광역시 남구 대명4동 3027-101,어린이보호,1,200,스피드돔 IR 일체형,30,2014-09,053-664-2493,35.84731446,128.5729154,2019-03-27
"대구광역시 남구청",대구광역시 남구 대경길 113,대구광역시 남구 대명4동 3029-38,어린이보호,1,200,스피드돔 IR 일체형,30,2014-09,053-664-2493,35.84554081,128.5724887,2019-03-27
"대구광역시 남구청",대구광역시 남구 두류공원로18길 17-2,대구광역시 남구 대명4동 3044-45,어린이보호,1,200,스피드돔 IR 일체형,30,2014-09,053-664-2493,35.84472017,128.5706894,2019-03-27
"대구광역시 남구청",대구광역시 남구 두류공원로20길 12-1,대구광역시 남구 대명4동 3044-77,어린이보호,1,200,스피드돔 IR 일체형,30,2014-09,053-664-2493,35.84561829,128.5694671,2019-03-27
"대구광역시 남구청",대구광역시 남구 현충로24길 35,대구광역시 남구 대명5동 1695-24,어린이보호,1,200,스피드돔 IR 일체형,30,2014-09,053-664-2493,35.8429708,128.582101,2019-03-27
"대구광역시 남구청",대구광역시 남구 대명로22길 23,대구광역시 남구 대명6동 959-6,어린이보호,1,200,스피드돔 IR 일체형,30,2014-09,053-664-2493,35.83824389,128.5697906,2019-03-27
"대구광역시 남구청",대구광역시 남구 안지랑로17길 103,대구광역시 남구 대명6동 1078-6,어린이보호,1,200,스피드돔 IR 일체형,30,2014-09,053-664-2493,35.83687576,128.5655856,2019-03-27
"대구광역시 남구청",대구광역시 남구 큰골길 119-1,대구광역시 남구 대명9동 469-5,어린이보호,1,200,스피드돔 IR 일체형,30,2014-09,053-664-2493,35.8364341,128.5825291,2019-03-27
"대구광역시 남구청",대구광역시 남구 현충로6길 63,대구광역시 남구 대명9동 480-9,어린이보호,1,200,스피드돔 IR 일체형,30,2014-09,053-664-2493,35.8345742,128.5831796,2019-03-27
"대구광역시 남구청",대구광역시 남구 앞산순환로89길 21,대구광역시 남구 대명9동 550-5,어린이보호,1,200,스피드돔 IR 일체형,30,2014-09,053-664-2493,35.83221551,128.5732561,2019-03-27
"대구광역시 남구청",대구광역시 남구 대명남로 140,대구광역시 남구 대명9동 627-5,어린이보호,1,200,스피드돔 IR 일체형,30,2014-09,053-664-2493,35.83497147,128.5736965,2019-03-27
"대구광역시 남구청",대구광역시 남구 앞산순환로89길 72,대구광역시 남구 대명9동 634-6,어린이보호,1,200,스피드돔 IR 일체형,30,2014-09,053-664-2493,35.83440249,128.5739359,2019-03-27
"대구광역시 남구청",대구광역시 남구 골안길 144,대구광역시 남구 대명11동 1564-1,어린이보호,1,200,스피드돔 IR 일체형,30,2014-09,053-664-2493,35.83216457,128.5630838,2019-03-27
"대구광역시 남구청",대구광역시 남구 대명서1길 27,대구광역시 남구 대명11동 1568-33,어린이보호,1,200,스피드돔 IR 일체형,30,2014-09,053-664-2493,35.83093374,128.5622339,2019-03-27
"대구광역시 남구청",대구광역시 남구 큰골6길 49,대구광역시 남구 대명9동 473-46,어린이보호,1,200,스피드돔 IR 일체형,30,2014-12,053-664-2493,35.83392806,128.5825993,2019-03-27
"대구광역시 남구청",대구광역시 남구 명덕로68길 58,대구광역시 남구 이천동 279-28,어린이보호,1,200,스피드돔 IR 일체형,30,2015-06,053-664-2493,35.85241776,128.6055415,2019-03-27
"대구광역시 남구청",대구광역시 남구 명덕로52길 53,대구광역시 남구 이천동 448-27,어린이보호,1,200,스피드돔 IR 일체형,30,2015-06,053-664-2493,35.85406016,128.5961544,2019-03-27
"대구광역시 남구청",대구광역시 남구 효동길 85,대구광역시 남구 봉덕2동 1283-5,어린이보호,1,200,스피드돔 IR 일체형,30,2015-06,053-664-2493,35.84570466,128.5925603,2019-03-27
"대구광역시 남구청",대구광역시 남구 효성2길 19-2,대구광역시 남구 봉덕3동 1283-26,어린이보호,1,200,스피드돔 IR 일체형,30,2015-06,053-664-2493,35.8367145,128.6005958,2019-03-27
"대구광역시 남구청",대구광역시 남구 효동2길 16,대구광역시 남구 봉덕2동 1283-13,어린이보호,1,200,스피드돔 IR 일체형,30,2015-06,053-664-2493,35.83768718,128.600747,2019-03-27
"대구광역시 남구청",대구광역시 남구 효명길 33,대구광역시 남구 봉덕3동 1329-82,어린이보호,1,200,스피드돔 IR 일체형,30,2015-06,053-664-2493,35.83440836,128.5985417,2019-03-27
"대구광역시 남구청",대구광역시 남구 삼정1길 30,대구광역시 남구 봉덕3동 1376-8,어린이보호,1,200,스피드돔 IR 일체형,30,2015-06,053-664-2493,35.83899648,128.5966613,2019-03-27
"대구광역시 남구청",대구광역시 남구 효성로 50-1,대구광역시 남구 봉덕3동 1292-161,어린이보호,1,200,스피드돔 IR 일체형,30,2015-06,053-664-2493,35.83780364,128.5990875,2019-03-27
"대구광역시 남구청",대구광역시 남구 장전2길 1,대구광역시 남구 대명1동 795-7,어린이보호,1,200,스피드돔 IR 일체형,30,2015-06,053-664-2493,35.84022897,128.5768782,2019-03-27
"대구광역시 남구청",대구광역시 남구 장전1길 3,대구광역시 남구 대명1동 1655-19,어린이보호,1,200,스피드돔 IR 일체형,30,2015-06,053-664-2493,35.8429533,128.5726361,2019-03-27
"대구광역시 남구청",대구광역시 남구 명덕로34길 22,대구광역시 남구 대명2동 1822-7,어린이보호,1,200,스피드돔 IR 일체형,30,2015-06,053-664-2493,35.85551934,128.5872194,2019-03-27
"대구광역시 남구청",대구광역시 남구 명덕로8길 99,대구광역시 남구 대명3동 2295-90,어린이보호,1,200,스피드돔 IR 일체형,30,2015-06,053-664-2493,35.85502881,128.5749928,2019-03-27
"대구광역시 남구청",대구광역시 남구 성당로50길 34,대구광역시 남구 대명3동 2294-1,어린이보호,1,200,스피드돔 IR 일체형,30,2015-06,053-664-2493,35.85493384,128.5759996,2019-03-27
"대구광역시 남구청",대구광역시 남구 성당로50길 46,대구광역시 남구 대명3동 2293-1,어린이보호,1,200,스피드돔 IR 일체형,30,2015-06,053-664-2493,35.85490403,128.5765751,2019-03-27
"대구광역시 남구청",대구광역시 남구 계명중앙1길 1,대구광역시 남구 대명3동 2133-54,어린이보호,1,200,스피드돔 IR 일체형,30,2015-06,053-664-2493,35.85692344,128.5802214,2019-03-27
"대구광역시 남구청",대구광역시 남구 명덕로20길 24,대구광역시 남구 대명3동 2542-30,어린이보호,1,200,저조도 고정형 카메라,30,2015-06,053-664-2493,35.85640465,128.5793983,2019-03-27
"대구광역시 남구청",대구광역시 남구 명덕로20길 40,대구광역시 남구 대명3동 2545-2,어린이보호,1,200,초저조도 스피드돔,30,2015-06,053-664-2493,35.85585582,128.579195,2019-03-27
"대구광역시 남구청",대구광역시 남구 성당로30길 58,대구광역시 남구 대명4동 3044-33,어린이보호,1,200,초저조도 스피드돔,30,2015-06,053-664-2493,35.84518109,128.570427,2019-03-27
"대구광역시 남구청",대구광역시 남구 두류공원로20길 47,대구광역시 남구 대명4동 3039-10,어린이보호,1,200,초저조도 스피드돔,30,2015-06,053-664-2493,35.84658538,128.5708024,2019-03-27
"대구광역시 남구청",대구광역시 남구 두류공원로20길 50-51,대구광역시 남구 대명4동 3031-65,어린이보호,1,200,초저조도 스피드돔,30,2015-06,053-664-2493,35.84577916,128.5716491,2019-03-27
"대구광역시 남구청",대구광역시 남구 양지로6길 10,대구광역시 남구 대명4동 3011-1,어린이보호,1,200,초저조도 스피드돔,30,2015-06,053-664-2493,35.85044401,128.5762549,2019-03-27
"대구광역시 남구청",대구광역시 남구 양지로8길 20,대구광역시 남구 대명4동 3001-5,어린이보호,1,200,초저조도 스피드돔,30,2015-06,053-664-2493,35.85004142,128.577503,2019-03-27
"대구광역시 남구청",대구광역시 남구 현충로28길 11,대구광역시 남구 대명5동 1712-23,어린이보호,1,200,초저조도 스피드돔,30,2015-06,053-664-2493,35.845366,128.5807237,2019-03-27
"대구광역시 남구청",대구광역시 남구 현충로26길 47,대구광역시 남구 대명5동 1703-14,어린이보호,1,200,초저조도 스피드돔,30,2015-06,053-664-2493,35.84404001,128.5827952,2019-03-27
"대구광역시 남구청",대구광역시 남구 안지랑로17길 62,대구광역시 남구 대명6동 1041-13,어린이보호,1,200,초저조도 스피드돔,30,2015-06,053-664-2493,35.83722529,128.5679126,2019-03-27
"대구광역시 남구청",대구광역시 남구 안지랑로10길 9-2,대구광역시 남구 대명9동 622-20,어린이보호,1,200,초저조도 스피드돔,30,2015-06,053-664-2493,35.83423148,128.5719977,2019-03-27
"대구광역시 남구청",대구광역시 남구 앞산순환로93길 65,대구광역시 남구 대명9동 630-7,어린이보호,1,200,초저조도 스피드돔,30,2015-06,053-664-2493,35.83506409,128.5750587,2019-03-27
"대구광역시 남구청",대구광역시 남구 현충로5길 87-1,대구광역시 남구 대명9동 529-2,어린이보호,1,200,초저조도 스피드돔,30,2015-06,053-664-2493,35.8339477,128.574796,2019-03-27
"대구광역시 남구청",대구광역시 남구 현충로6길 17-2,대구광역시 남구 대명9동 486-20,어린이보호,1,200,초저조도 스피드돔,30,2015-06,053-664-2493,35.83470287,128.5808118,2019-03-27
"대구광역시 남구청",대구광역시 남구 큰골4길 12,대구광역시 남구 큰골4길 12,어린이보호,1,200,초저조도 스피드돔,30,2015-06,053-664-2493,35.83597047,128.5814852,2019-03-27
"대구광역시 남구청",대구광역시 남구 자유1길 81,대구광역시 남구 대명9동 380-9,어린이보호,1,200,초저조도 스피드돔,30,2015-06,053-664-2493,35.83748382,128.5835219,2019-03-27
"대구광역시 남구청",대구광역시 남구 대명서로 28,대구광역시 남구 대명11동 1571-1,어린이보호,1,200,초저조도 스피드돔,30,2015-06,053-664-2493,35.83044061,128.561677,2019-03-27
"대구광역시 남구청",대구광역시 남구 현충로50길 49,대구광역시 남구 대명2동 1880-3,어린이보호,1,200,초저조도 스피드돔,30,2015-10,053-664-2493,35.85375089,128.585756,2019-03-27
"대구광역시 남구청",대구광역시 남구 현충로48길 29,대구광역시 남구 대명2동 1882-14,어린이보호,1,200,초저조도 스피드돔,30,2015-10,053-664-2493,35.85279008,128.5850182,2019-03-27
"대구광역시 남구청",대구광역시 남구 대경길 293,대구광역시 남구 대명4동 3012-43,어린이보호,1,200,초저조도 스피드돔,30,2015-10,053-664-2493,35.8496065,128.5761049,2019-03-27
"대구광역시 남구청",대구광역시 남구 골안길 23,대구광역시 남구 대명6동 1203-2,어린이보호,1,200,초저조도 스피드돔,30,2015-10,053-664-2493,35.83734452,128.5617369,2019-03-27
"대구광역시 남구청",대구광역시 남구 대명복개로 197,대구광역시 남구 대명동 1630-43,어린이보호,1,200,초저조도 스피드돔,30,2015-10,053-664-2493,35.84224765,128.5693986,2019-03-27
"대구광역시 남구청",대구광역시 남구 매자안길 18,대구광역시 남구 대명동 1675-2,어린이보호,1,200,초저조도 스피드돔,30,2015-10,053-664-2493,35.83220331,128.5586567,2019-03-27
"대구광역시 남구청",대구광역시 남구 명덕로34길 56,대구광역시 남구 명덕로34길 56,어린이보호,1,200,저조도 스피드돔 카메라,30,2016-03,053-664-2493,35.85406794,128.5872751,2019-03-27
"대구광역시 남구청",대구광역시 남구 두류공원로18길 30,대구광역시 남구 두류공원로18길 30,어린이보호,1,200,저조도 고정형 카메라,30,2016-05,053-664-2493,35.84483449,128.571288,2019-03-27
"대구광역시 남구청",대구광역시 남구 앞산순환로93길 33(41022보조),대구광역시 남구 앞산순환로93길 33,어린이보호,1,200,저조도 고정형 카메라,30,2016-03,053-664-2493,35.83308617,128.574015,2019-03-27
"대구광역시 남구청",대구광역시 남구 큰골길 134,대구광역시 남구 큰골길 134,어린이보호,1,200,저조도 고정형 카메라,30,2016-03,053-664-2493,35.83587207,128.5831891,2019-03-27
"대구광역시 남구청",대구광역시 남구 두류공원로 64,대구광역시 남구 대명1동 1649-3,어린이보호,1,200,저조도 스피드돔 카메라,30,2016-03,053-664-2493,35.84302278,128.5712971,2019-03-27
"대구광역시 남구청",대구광역시 남구 희망로3길 25,대구광역시 남구 봉덕1동 485-7,어린이보호,1,200,초저조도 스피드돔,30,2016-05,053-664-2493,35.84891536,128.5994148,2019-03-27
"대구광역시 남구청",대구광역시 남구 희망로5길 9,대구광역시 남구 이천동 754-11,어린이보호,1,200,초저조도 스피드돔,30,2016-05,053-664-2493,35.84828743,128.6006168,2019-03-27
"대구광역시 남구청",대구광역시 남구 효서길 25,대구광역시 남구 봉덕1동 1318-34,어린이보호,1,200,초저조도 스피드돔,30,2016-05,053-664-2493,35.8378571,128.5974054,2019-03-27
"대구광역시 남구청",대구광역시 남구 봉덕초등길 48,대구광역시 남구 봉덕1동 1375,어린이보호,1,200,초저조도 스피드돔,30,2016-05,053-664-2493,35.83909826,128.5961307,2019-03-27
"대구광역시 남구청",대구광역시 남구 효동길 22-2,대구광역시 남구 봉덕3동 1292-204,어린이보호,1,200,초저조도 스피드돔,30,2016-05,053-664-2493,35.83933263,128.5997411,2019-03-27
"대구광역시 남구청",대구광역시 남구 영선길 95 건너(남서쪽),대구광역시 남구 이천동 448-52(남서),어린이보호,1,200,초저조도 스피드돔,30,2016-05,053-664-2493,35.85335457,128.5948537,2019-03-27
"대구광역시 남구청",대구광역시 남구 영선길 95(북쪽),대구광역시 남구 이천동 448-52(북쪽),어린이보호,1,200,초저조도 스피드돔,30,2016-05,053-664-2493,35.85335457,128.5948537,2019-03-27
"대구광역시 남구청",대구광역시 남구 중앙대로48길 60-1,대구광역시 남구 대명2동 2014-356,어린이보호,1,200,초저조도 스피드돔,30,2016-05,053-664-2493,35.85233913,128.5942372,2019-03-27
"대구광역시 남구청",대구광역시 남구 영선길 75,대구광역시 남구 대명2동 2014-380,어린이보호,1,200,초저조도 스피드돔,30,2016-05,053-664-2493,35.85333193,128.5939679,2019-03-27
"대구광역시 남구청",대구광역시 남구 이천로28길 27-1,대구광역시 남구 이천동 386-7,어린이보호,1,200,초저조도 스피드돔,30,2016-05,053-664-2493,35.85416956,128.5995209,2019-03-27
"대구광역시 남구청",대구광역시 남구 현충로19길 32,대구광역시 남구 대명1동 1668-32,어린이보호,1,200,초저조도 스피드돔,30,2016-05,053-664-2493,35.84158407,128.5781057,2019-03-27
"대구광역시 남구청",대구광역시 남구 장전3길 158-2,대구광역시 남구 대명1동 1669-7,어린이보호,1,200,초저조도 스피드돔,30,2016-05,053-664-2493,35.84346777,128.5781194,2019-03-27
"대구광역시 남구청",대구광역시 남구 장전1길 25,대구광역시 남구 대명1동 1655-34,어린이보호,1,200,초저조도 스피드돔,30,2016-05,053-664-2493,35.84229976,128.5735945,2019-03-27
"대구광역시 남구청",대구광역시 남구 중앙대로40길 30-2,대구광역시 남구 대명2동 35-109,어린이보호,1,200,초저조도 스피드돔,30,2016-05,053-664-2493,35.84991512,128.5923038,2019-03-27
"대구광역시 남구청",대구광역시 남구 중앙대로38길 13-1,대구광역시 남구 대명2동 15-210,어린이보호,1,200,초저조도 스피드돔,30,2016-05,053-664-2493,35.8492987,128.5911922,2019-03-27
"대구광역시 남구청",대구광역시 남구 중앙대로47길 49,대구광역시 남구 대명2동 1811-1,어린이보호,1,200,초저조도 스피드돔,30,2016-05,053-664-2493,35.8540927,128.5877403,2019-03-27
"대구광역시 남구청",대구광역시 남구 명덕로34길 69,대구광역시 남구 대명2동 1811-5,어린이보호,1,200,초저조도 스피드돔,30,2016-05,053-664-2493,35.85342693,128.5874918,2019-03-27
"대구광역시 남구청",대구광역시 남구 명덕로32길 43,대구광역시 남구 대명2동 1821-1,어린이보호,1,200,초저조도 스피드돔,30,2016-05,053-664-2493,35.85461913,128.5869914,2019-03-27
"대구광역시 남구청",대구광역시 남구 명덕로8길 45-13,대구광역시 남구 대명3동 2283-3,어린이보호,1,200,초저조도 스피드돔,30,2016-05,053-664-2493,35.85738584,128.5759178,2019-03-27
"대구광역시 남구청",대구광역시 남구 명덕로8길 117-1,대구광역시 남구 대명3동 2295-62,어린이보호,1,200,초저조도 스피드돔,30,2016-05,053-664-2493,35.85422703,128.5749095,2019-03-27
"대구광역시 남구청",대구광역시 남구 명덕로12길 116,대구광역시 남구 대명3동 2301-2,어린이보호,1,200,초저조도 스피드돔,30,2016-05,053-664-2493,35.85261879,128.5757171,2019-03-27
"대구광역시 남구청",대구광역시 남구 대경길 120,대구광역시 남구 대명1동 1222-38,어린이보호,1,200,초저조도 스피드돔,30,2016-05,053-664-2493,35.84515336,128.5724638,2019-03-27
"대구광역시 남구청",대구광역시 남구 두류공원로16길 17-53,대구광역시 남구 대명4동 1223-16,어린이보호,1,200,초저조도 스피드돔,30,2016-05,053-664-2493,35.84422308,128.5709737,2019-03-27
"대구광역시 남구청",대구광역시 남구 성당로34길 41,대구광역시 남구 대명4동 3038-8,어린이보호,1,200,초저조도 스피드돔,30,2016-05,053-664-2493,35.84721454,128.5711723,2019-03-27
"대구광역시 남구청",대구광역시 남구 성당로30길 22,대구광역시 남구 대명4동 3043-20,어린이보호,1,200,초저조도 스피드돔,30,2016-05,053-664-2493,35.84658216,128.5695847,2019-03-27
"대구광역시 남구청",대구광역시 남구 현충로26길 36,대구광역시 남구 대명5동 1695-14,어린이보호,1,200,초저조도 스피드돔,30,2016-05,053-664-2493,35.84385413,128.5820964,2019-03-27
"대구광역시 남구청",대구광역시 남구 현충동길 46,대구광역시 남구 대명5동 1693-9,어린이보호,1,200,초저조도 스피드돔,30,2016-05,053-664-2493,35.8435442,128.5809539,2019-03-27
"대구광역시 남구청",대구광역시 남구 현충로32길 31,대구광역시 남구 대명5동 541-21,어린이보호,1,200,초저조도 스피드돔,30,2016-05,053-664-2493,35.84611901,128.5815705,2019-03-27
"대구광역시 남구청",대구광역시 남구 대명로22길 51,대구광역시 남구 대명6동 950-1,어린이보호,1,200,초저조도 스피드돔,30,2016-05,053-664-2493,35.83702751,128.5697044,2019-03-27
"대구광역시 남구청",대구광역시 남구 앞산순환로 471(서쪽),대구광역시 남구 대명9동 540-15(1),어린이보호,1,200,초저조도 스피드돔,30,2016-05,053-664-2493,35.8323903,128.576279,2019-03-27
"대구광역시 남구청",대구광역시 남구 앞산순환로 471(동쪽),대구광역시 남구 대명9동 540-15(2),어린이보호,1,200,초저조도 스피드돔,30,2016-05,053-664-2493,35.8323903,128.576279,2019-03-27
"대구광역시 남구청",대구광역시 남구 두류공원로13길 28-2,대구광역시 남구 대명10동 996-2,어린이보호,1,200,초저조도 스피드돔,30,2016-05,053-664-2493,35.84273567,128.5691254,2019-03-27
"대구광역시 남구청",대구광역시 남구 두류공원로13길 41,대구광역시 남구 대명10동 1001-17,어린이보호,1,200,초저조도 스피드돔,30,2016-05,053-664-2493,35.84227942,128.5684026,2019-03-27
"대구광역시 남구청",대구광역시 남구 대명로6길 50,"대구광역시 남구 ./;ㄹ,",어린이보호,1,200,초저조도 스피드돔,30,2016-05,053-664-2493,35.8355327,128.5617683,2019-03-27
"대구광역시 남구청",대구광역시 남구 대명서4길 35,대구광역시 남구 대명11동 1498-13,어린이보호,1,200,초저조도 스피드돔,30,2016-05,053-664-2493,35.83288531,128.5612294,2019-03-27
"대구광역시 남구청",대구광역시 남구 대명서로 69-1,대구광역시 남구 대명11동 1580-38,어린이보호,1,200,초저조도 스피드돔,30,2016-05,053-664-2493,35.83144059,128.5598578,2019-03-27
"대구광역시 남구청",대구광역시 남구 골안길 157,대구광역시 남구 대명11동 1549-20,어린이보호,1,200,초저조도 스피드돔,30,2016-05,053-664-2493,35.83148729,128.5633557,2019-03-27
"대구광역시 남구청",대구광역시 남구 대명서1길 62-2,대구광역시 남구 대명11동 1551-16,어린이보호,1,200,초저조도 스피드돔,30,2016-05,053-664-2493,35.83090677,128.5641375,2019-03-27
"대구광역시 남구청",대구광역시 남구 골안길 187,대구광역시 남구 대명11동 1551-41,어린이보호,1,200,초저조도 스피드돔,30,2016-05,053-664-2493,35.83017093,128.563446,2019-03-27
"대구광역시 남구청",대구광역시 남구 삼정2길 28,대구광역시 남구 봉덕3동 1359-2,어린이보호,1,200,초저조도 스피드돔,30,2016-05,053-664-2493,35.83894191,128.5949451,2019-03-27
"대구광역시 남구청",대구광역시 남구 삼정2길 48,대구광역시 남구 봉덕3동 1342-3,어린이보호,1,200,초저조도 스피드돔,30,2016-05,053-664-2493,35.8380044,128.5949713,2019-03-27
"대구광역시 남구청",대구광역시 남구 중앙대로31길 138,대구광역시 남구 대명5동 1818-1,어린이보호,1,200,초저조도 스피드돔,30,2016-05,053-664-2493,35.85114296,128.586402,2019-03-27
"대구광역시 남구청",대구광역시 남구 중앙대로31길 172-2,대구광역시 남구 대명5동 1899-2,어린이보호,1,200,초저조도 스피드돔,30,2016-07,053-664-2493,35.85205264,128.5846807,2019-03-27
"대구광역시 남구청",대구광역시 남구 대봉로28길 8-2,대구광역시 남구 이천동 255-23,어린이보호,1,200,초저조도 스피드돔,30,2018-07,053-664-2493,35.85057833,128.6039001,2019-03-27
"대구광역시 남구청",대구광역시 남구 대봉로30길 37(1),대구광역시 남구 이천동 279-14,어린이보호,1,200,초저조도 스피드돔,30,2018-07,053-664-2493,35.85232982,128.6051091,2019-03-27
"대구광역시 남구청",대구광역시 남구 대봉로30길 37(2),대구광역시 남구 이천동 279-14,어린이보호,1,200,초저조도 양방향카메라,30,2018-07,053-664-2493,35.85232982,128.6051091,2019-03-27
"대구광역시 남구청",대구광역시 남구 이천로29길 28-25,대구광역시 남구 이천동 442-12,어린이보호,1,200,초저조도 양방향카메라,30,2018-07,053-664-2493,35.85324751,128.5964472,2019-03-27
"대구광역시 남구청",대구광역시 남구 효성중앙길 37,대구광역시 남구 봉덕2동 1071,어린이보호,1,200,초저조도 스피드돔,30,2018-07,053-664-2493,35.83829523,128.6035079,2019-03-27
"대구광역시 남구청",대구광역시 남구 앞산순환로 700,대구광역시 남구 봉덕2동 1270-59,어린이보호,1,200,초저조도 양방향카메라,30,2018-07,053-664-2493,35.83379705,128.6018245,2019-03-27
"대구광역시 남구청",대구광역시 남구 효성로 79-3,대구광역시 남구 봉덕3동 1294-9,어린이보호,1,200,초저조도 양방향카메라,30,2018-07,053-664-2493,35.84029718,128.5979108,2019-03-27
"대구광역시 남구청",대구광역시 남구 효성로 76,대구광역시 남구 봉덕3동 1295-6,어린이보호,1,200,초저조도 스피드돔,30,2018-07,053-664-2493,35.8400692,128.5984404,2019-03-27
"대구광역시 남구청",대구광역시 남구 효명길 14,대구광역시 남구 봉덕3동 1322-3,어린이보호,1,200,초저조도 양방향카메라,30,2018-07,053-664-2493,35.83498027,128.5995311,2019-03-27
"대구광역시 남구청",대구광역시 남구 효성로 21-1,대구광역시 남구 봉덕3동 1327-75,어린이보호,1,200,초저조도 양방향카메라,30,2018-07,053-664-2493,35.83552845,128.5998563,2019-03-27
"대구광역시 남구청",대구광역시 남구 현충로 133,대구광역시 남구 대명1동 1714-5,어린이보호,1,200,초저조도 스피드돔,30,2018-07,053-664-2493,35.84479394,128.5797343,2019-03-27
"대구광역시 남구청",대구광역시 남구 중앙대로45길 36,대구광역시 남구 대명2동 1798-11,어린이보호,1,200,초저조도 양방향카메라,30,2018-07,053-664-2493,35.85404773,128.5895557,2019-03-27
"대구광역시 남구청",대구광역시 남구 중앙대로50길 36-1,대구광역시 남구 대명2동 2014-351,어린이보호,1,200,초저조도 스피드돔,30,2018-07,053-664-2493,35.85273992,128.5933877,2019-03-27
"대구광역시 남구청",대구광역시 남구 명덕로34길 120,대구광역시 남구 대명3동 1817-23,어린이보호,1,200,초저조도 양방향카메라,30,2018-07,053-664-2493,35.85118239,128.5875417,2019-03-27
"대구광역시 남구청",대구광역시 남구 명덕로12길 116,대구광역시 남구 대명3동 2301-2,어린이보호,1,200,초저조도 스피드돔,30,2018-07,053-664-2493,35.85261879,128.5757171,2019-03-27
"대구광역시 남구청",대구광역시 남구 현충로 156,대구광역시 남구 대명5동 542-2,어린이보호,1,200,초저조도 스피드돔,30,2018-07,053-664-2493,35.84681923,128.5802915,2019-03-27
"대구광역시 남구청",대구광역시 남구 대명로 247,대구광역시 남구 대명5동 1700,어린이보호,1,200,초저조도 스피드돔,30,2018-07,053-664-2493,35.84227073,128.5833467,2019-03-27
"대구광역시 남구청",대구광역시 남구 대명로14길 12,대구광역시 남구 대명6동 1097-2,어린이보호,1,200,초저조도 스피드돔,30,2018-07,053-664-2493,35.83853989,128.5643798,2019-03-27
"대구광역시 남구청",대구광역시 남구 대명로14길 52-2,대구광역시 남구 대명6동 1437-1,어린이보호,1,200,초저조도 스피드돔,30,2018-07,053-664-2493,35.83682669,128.5645226,2019-03-27
"대구광역시 남구청",대구광역시 남구 앞산순환로87길 31,대구광역시 남구 대명9동 556-6,어린이보호,1,200,초저조도 스피드돔,30,2018-07,053-664-2493,35.83192062,128.5727226,2019-03-27
"대구광역시 남구청",대구광역시 남구 두류공원로 19,대구광역시 남구 대명10동 808-1,어린이보호,1,200,초저조도 스피드돔,30,2018-07,053-664-2493,35.84017673,128.5746197,2019-03-27
"대구광역시 남구청",대구광역시 남구 앞산순환로63길 1,대구광역시 남구 대명11동 1721-31,어린이보호,1,200,초저조도 스피드돔,30,2018-07,053-664-2493,35.82858725,128.5609556,2019-03-27
"대구광역시 남구청",대구광역시 남구 현충로23길 23,대구광역시 남구 대명1동 1668-10,다목적,1,200,저조도 고정형 카메라,30,2016-03,053-664-2493,35.84280951,128.5781811,2019-03-27
"대구광역시 남구청",대구광역시 남구 현충로23길 23,대구광역시 남구 대명1동 1668-10,다목적,1,200,저조도 고정형 카메라,30,2016-03,053-664-2493,35.84280951,128.5781811,2019-03-27
"대구광역시 남구청",대구광역시 남구 현충로23길 21,대구광역시 남구 대명1동 1673-20,다목적,1,200,저조도 스피드돔 카메라,30,2016-03,053-664-2493,35.84278892,128.5787123,2019-03-27
"대구광역시 남구청",대구광역시 남구 안지랑로20길 55,대구광역시 남구 대명9동 895,다목적,1,200,저조도 고정형 카메라,30,2016-03,053-664-2493,35.83831168,128.5744734,2019-03-27
"대구광역시 남구청",대구광역시 남구 안지랑로20길 55,대구광역시 남구 대명9동 895,다목적,1,200,저조도 고정형 카메라,30,2016-03,053-664-2493,35.83831168,128.5744734,2019-03-27
"대구광역시 남구청",대구광역시 남구 안지랑로20길 55,대구광역시 남구 대명9동 895,다목적,1,200,저조도 고정형 카메라,30,2016-03,053-664-2493,35.83831168,128.5744734,2019-03-27
"대구광역시 남구청",대구광역시 남구 대명역6길 48,대구광역시 남구 대명11동 1540,다목적,1,200,저조도 고정형 카메라,30,2016-03,053-664-2493,35.83269176,128.5640616,2019-03-27
"대구광역시 남구청",대구광역시 남구 대명역6길 48,대구광역시 남구 대명11동 1540,다목적,1,200,저조도 고정형 카메라,30,2016-03,053-664-2493,35.83269176,128.5640616,2019-03-27
"대구광역시 남구청",대구광역시 남구 대명역6길 48,대구광역시 남구 대명11동 1540,다목적,1,200,저조도 스피드돔 카메라,30,2016-03,053-664-2493,35.83269176,128.5640616,2019-03-27
"대구광역시 남구청",대구광역시 남구 봉덕로5길 20,대구광역시 남구 봉덕1동 592-9,다목적,1,200,저조도 고정형 카메라,30,2016-03,053-664-2493,35.84614252,128.5933274,2019-03-27
"대구광역시 남구청",대구광역시 남구 봉덕로5길 20,대구광역시 남구 봉덕1동 592-9,다목적,1,200,저조도 고정형 카메라,30,2016-03,053-664-2493,35.84614252,128.5933274,2019-03-27
"대구광역시 남구청",대구광역시 남구 봉덕로5길 20,대구광역시 남구 봉덕1동 592-9,다목적,1,200,저조도 고정형 카메라,30,2016-03,053-664-2493,35.84614252,128.5933274,2019-03-27
"대구광역시 남구청",대구광역시 남구 이천로10길 50(개나리공원-1),대구광역시 남구 봉덕2동 540-1,다목적,1,200,초저조도 스피드돔,30,2015-09,053-664-2493,35.84383238,128.6011145,2019-03-27
"대구광역시 남구청",대구광역시 남구 이천로10길 50(개나리공원-2(고정형),대구광역시 남구 봉덕2동 540-1,다목적,1,200,저조도 고정형 카메라,30,2015-09,053-664-2493,35.84383238,128.6011145,2019-03-27
"대구광역시 남구청",대구광역시 남구 성명공원길49(성명공원-7),대구광역시 남구 대명4동 3038-1,다목적,1,200,저조도 고정형 카메라,30,2016-03,053-664-2493,35.84761918,128.5713745,2019-03-27
"대구광역시 남구청",대구광역시 남구 봉덕로6길 35-22(목련공원-1 (고정형)),대구광역시 남구 봉덕3동 1005-4,다목적,1,200,저조도 고정형 카메라,30,2016-03,053-664-2493,35.84347476,128.5914699,2019-03-27
"대구광역시 남구청",대구광역시 남구 봉덕로6길 35-22(목련공원-2 (고정형)),대구광역시 남구 봉덕3동 1005-4,다목적,1,200,저조도 고정형 카메라,30,2015-11,053-664-2493,35.84347476,128.5914699,2019-03-27
"대구광역시 남구청",대구광역시 남구 대명로20길 28(중앙공원-5),대구광역시 남구 대명6동 1046,다목적,1,200,저조도 스피드돔 카메라,30,2015-11,053-664-2493,35.83789319,128.5677181,2019-03-27
"대구광역시 남구청",대구광역시 남구 두류공원로12길 17-25,대구광역시 남구 대명1동 1224-8,다목적,1,200,저조도 고정형 카메라,30,2016-03,053-664-2493,35.84391932,128.5722999,2019-03-27
"대구광역시 남구청",대구광역시 남구 두류공원로12길 17-25,대구광역시 남구 대명1동 1224-8,다목적,1,200,저조도 고정형 카메라,30,2016-03,053-664-2493,35.84391932,128.5722999,2019-03-27
"대구광역시 남구청",대구광역시 남구 두류공원로12길 17-25,대구광역시 남구 대명1동 1224-8,다목적,1,200,저조도 고정형 카메라,30,2016-03,053-664-2493,35.84391932,128.5722999,2019-03-27
"대구광역시 남구청",대구광역시 남구 영선길 34(영선공원-1(고정형)),대구광역시 남구 대명2동 2003-1,다목적,1,200,저조도 고정형 카메라,30,2015-09,053-664-2493,35.85391178,128.5915365,2019-03-27
"대구광역시 남구청",대구광역시 남구 영선길 39(영선공원-2),대구광역시 남구 대명2동 2013-395,다목적,1,200,고정형,30,2015-09,053-664-2493,35.85379106,128.5922552,2019-03-27
"대구광역시 남구청",대구광역시 남구 영선길 35(영선공원-3),대구광역시 남구 대명2동 2013-334,다목적,1,200,초저조도 스피드돔,30,2015-09,053-664-2493,35.85400781,128.5921683,2019-03-27
"대구광역시 남구청",대구광역시 남구 명덕로32길 30,대구광역시 남구 대명2동 1827,다목적,1,200,저조도 고정형 카메라,30,2016-03,053-664-2493,35.85528977,128.5862434,2019-03-27
"대구광역시 남구청",대구광역시 남구 명덕로32길 30,대구광역시 남구 대명2동 1827,다목적,1,200,저조도 고정형 카메라,30,2016-03,053-664-2493,35.85528977,128.5862434,2019-03-27
"대구광역시 남구청",대구광역시 남구 명덕로32길 30,대구광역시 남구 대명2동 1827,다목적,1,200,저조도 고정형 카메라,30,2016-03,053-664-2493,35.85528977,128.5862434,2019-03-27
"대구광역시 남구청",대구광역시 남구 명덕로18길 113,대구광역시 남구 대명3동 2241-18,다목적,1,200,저조도 고정형 카메라,30,2016-03,053-664-2493,35.85286007,128.5780217,2019-03-27
"대구광역시 남구청",대구광역시 남구 명덕로16길 123,대구광역시 남구 대명3동 2255-30,다목적,1,200,저조도 고정형 카메라,30,2016-03,053-664-2493,35.85281079,128.5770249,2019-03-27
"대구광역시 남구청",대구광역시 남구 계명7길 8,대구광역시 남구 대명3동 2255-4,다목적,1,200,저조도 고정형 카메라,30,2016-03,053-664-2493,35.85274637,128.5773012,2019-03-27
"대구광역시 남구청",대구광역시 남구 성당로48길 75,대구광역시 남구 대명3동 2242-9,다목적,1,200,저조도 스피드돔 카메라,30,2016-03,053-664-2493,35.85330138,128.5780913,2019-03-27
"대구광역시 남구청",대구광역시 남구 성명공원길 49(성명공원-1(회전)),대구광역시 남구 대명4동 3038-1,다목적,1,200,저조도 스피드돔 카메라,30,2016-03,053-664-2493,35.84761918,128.5713745,2019-03-27
"대구광역시 남구청",대구광역시 남구 성명공원길 52-2(성명공원-2(고정)),대구광역시 남구 대명4동 3035-33,다목적,1,200,스피드돔 IR 일체형,30,2015-07,053-664-2493,35.84794502,128.571089,2019-03-27
"대구광역시 남구청",대구광역시 남구 성명공원길 49(성명공원-3),대구광역시 남구 대명4동 3038-1,다목적,1,200,저조도 고정형 카메라,30,2016-03,053-664-2493,35.84761918,128.5713745,2019-03-27
"대구광역시 남구청",대구광역시 남구 대명로58길 23(명덕공원-1),대구광역시 남구 대명5동 157-3,다목적,1,200,저조도 스피드돔 카메라,30,2016-03,053-664-2493,35.84280671,128.5880222,2019-03-27
"대구광역시 남구청",대구광역시 남구 대명5동 152(명덕공원-2),대구광역시 남구 대명5동 152,다목적,1,200,저조도 고정형 카메라,30,2016-03,053-664-2493,35.84306852,128.5879355,2019-03-27
"대구광역시 남구청",대구광역시 남구 대명5동 152(명덕공원-3(철거 공번)),대구광역시 남구 대명5동 152,다목적,1,200,,30,2016-03,053-664-2493,35.84306852,128.5879355,2019-03-27
"대구광역시 남구청",대구광역시 남구 대명로20길 28(중앙공원-1),대구광역시 남구 대명6동 1046,다목적,1,200,저조도 고정형 카메라,30,2016-03,053-664-2493,35.83789319,128.5677181,2019-03-27
"대구광역시 남구청",대구광역시 남구 대명로20길 28(중앙공원-2),대구광역시 남구 대명6동 1046,다목적,1,200,저조도 고정형 카메라,30,2016-03,053-664-2493,35.83789319,128.5677181,2019-03-27
"대구광역시 남구청",대구광역시 남구 대명로20길 28(중앙공원-3),대구광역시 남구 대명6동 1046,다목적,1,200,저조도 고정형 카메라,30,2016-03,053-664-2493,35.83789319,128.5677181,2019-03-27
"대구광역시 남구청",대구광역시 남구 대명11동 1501-2(앞산빨래터공원-1),대구광역시 남구 대명11동 1501-2,다목적,1,200,저조도 고정형 카메라,30,2016-03,053-664-2493,35.83218926,128.5654969,2019-03-27
"대구광역시 남구청",대구광역시 남구 대명11동 1501-2(앞산빨래터공원-2),대구광역시 남구 대명11동 1501-2,다목적,1,200,저조도 고정형 카메라,30,2016-03,053-664-2493,35.83218926,128.5654969,2019-03-27
"대구광역시 남구청",대구광역시 남구 대명11동 1501-2(앞산빨래터공원-3),대구광역시 남구 대명11동 1501-2,다목적,1,200,저조도 고정형 카메라,30,2016-03,053-664-2493,35.83218926,128.5654969,2019-03-27
"대구광역시 남구청",대구광역시 남구 자유3길 61(대덕공원-1),대구광역시 남구 대명9동 444-2,다목적,1,200,저조도 고정형 카메라,30,2016-03,053-664-2493,35.83852999,128.5815371,2019-03-27
"대구광역시 남구청",대구광역시 남구 자유3길 61 (대덕공원-2),대구광역시 남구 대명9동 444-2,다목적,1,200,저조도 고정형 카메라,30,2016-03,053-664-2493,35.83852999,128.5815371,2019-03-27
"대구광역시 남구청",대구광역시 남구 자유3길 61 (대덕공원-3),대구광역시 남구 대명9동 444-2,다목적,1,200,저조도 스피드돔 카메라,30,2016-03,053-664-2493,35.83852999,128.5815371,2019-03-27
"대구광역시 남구청",대구광역시 남구 관문시장4길 53(관문공원-1),대구광역시 남구 대명11동 1180,다목적,1,200,고정식 IR 일체형,30,2015-09,053-664-2493,35.83623224,128.5605889,2019-03-27
"대구광역시 남구청",대구광역시 남구 관문시장4길 53(관문공원-2),대구광역시 남구 대명11동 1180,다목적,1,200,스피드돔 IR 일체형,30,2015-09,053-664-2493,35.83623224,128.5605889,2019-03-27
"대구광역시 남구청",대구광역시 남구 관문시장4길 53 (관문공원-3),대구광역시 남구 대명11동 1180,다목적,1,200,고정식 IR 일체형,30,2015-09,053-664-2493,35.83623224,128.5605889,2019-03-27
"대구광역시 남구청",대구광역시 남구 이천로19길 62-2(대명2동주민쉼터),대구광역시 남구 이천동 453-71,다목적,1,200,고정형,30,2011-12,053-664-2493,35.85013377,128.5954717,2019-03-27
"대구광역시 남구청",대구광역시 남구 봉덕로5길 5(봉덕공원-4),대구광역시 남구 봉덕1동 982-1,다목적,1,200,고정형,30,2011-12,053-664-2493,35.84552265,128.5929132,2019-03-27
"대구광역시 남구청",대구광역시 남구 봉덕로22길 20-1(개나리공원-4),대구광역시 남구 봉덕2동 538-4,다목적,1,200,초저조도 스피드돔 카메라,30,2018-03,053-664-2493,35.84369458,128.6016337,2019-03-27
"대구광역시 남구청",대구광역시 남구 두류공원로16길 37-1(앵두마을공원-4),대구광역시 남구 대명1동 1221-85,다목적,1,200,초저조도 양방향카메라,30,2018-03,053-664-2493,35.84440629,128.572248,2019-03-27
"대구광역시 남구청","대구광역시 남구 현충로23길 20(42003 보조, 무궁화공원-4)",대구광역시 남구 대명1동 1671-5,다목적,1,200,고정형,30,2011-12,053-664-2493,35.84302288,128.5787915,2019-03-27
"대구광역시 남구청",대구광역시 남구 영선길 46 (영선공원-4),대구광역시 남구 대명2동 2002-1,다목적,1,200,고정형,30,2011-12,053-664-2493,35.85362047,128.5921211,2019-03-27
"대구광역시 남구청",대구광역시 남구 명덕로30길 34(대명공원-4),대구광역시 남구 대명2동 1878-6,다목적,1,200,초저조도 양방향카메라,30,2018-03,053-664-2493,35.85500244,128.5860199,2019-03-27
"대구광역시 남구청",대구광역시 남구 명덕로18길 117(명동공원-5),대구광역시 남구 대명3동 2240-25,다목적,1,200,고정형,30,2011-12,053-664-2493,35.85273384,128.5780319,2019-03-27
"대구광역시 남구청",대구광역시 남구 성명공원길 38-1(성명공원-4),대구광역시 남구 대명4동 3035-11,다목적,1,200,고정형,30,2011-12,053-664-2493,35.84821308,128.571578,2019-03-27
"대구광역시 남구청",대구광역시 남구 명덕시장길 26(대명제2공원-1),대구광역시 남구 대명5동 335-36,다목적,1,200,고정형,30,2011-12,053-664-2493,35.84510263,128.5848399,2019-03-27
"대구광역시 남구청",대구광역시 남구 대명로58길 24 (명덕공원-4),대구광역시 남구 대명5동 204-20,다목적,1,200,고정형,30,2011-12,053-664-2493,35.84267222,128.5878773,2019-03-27
"대구광역시 남구청",대구광역시 남구 앞산순환로 351-27(앞산빨래터공원-4),대구광역시 남구 대명11동 1543-1,다목적,1,200,초저조도 스피드돔 카메라,30,2018-03,053-664-2493,35.83228325,128.5646785,2019-03-27
"대구광역시 남구청",대구광역시 남구 대명로20길 29(중앙공원-4),대구광역시 남구 대명6동 962-5,다목적,1,200,고정형,30,2011-12,053-664-2493,35.8379631,128.5681835,2019-03-27
"대구광역시 남구청",대구광역시 남구 자유3길 50(대덕공원-4),대구광역시 남구 대명9동 354-2,다목적,1,200,고정형,30,2011-12,053-664-2493,35.83880596,128.5822476,2019-03-27
"대구광역시 남구청",대구광역시 남구 대명로30길 25-1(안지랑공원-4),대구광역시 남구 대명9동 894-8,다목적,1,200,고정형,30,2011-12,053-664-2493,35.83801616,128.5740727,2019-03-27
"대구광역시 남구청",대구광역시 남구 관문시장6길 20(관문공원-4),대구광역시 남구 대명11동 1179-1,다목적,1,200,고정형,30,2011-12,053-664-2493,35.83623333,128.5603565,2019-03-27
"대구광역시 남구청",대구광역시 남구 대명서4길 92-1(백합공원-4),대구광역시 남구 대명11동 1544-6,다목적,1,200,고정형,30,2011-12,053-664-2493,35.83246591,128.5641707,2019-03-27
"대구광역시 남구청",대구광역시 남구 중앙대로26길 39(봉덕공원-5),대구광역시 남구 봉덕1동 592-22,다목적,1,200,고정형,30,2012-06,053-664-2493,35.84589818,128.5935248,2019-03-27
"대구광역시 남구청",대구광역시 남구 장전3길 148(무궁화공원-5),대구광역시 남구 대명1동 1669-16,다목적,1,200,고정형,30,2012-06,053-664-2493,35.84299014,128.5781049,2019-03-27
"대구광역시 남구청",대구광역시 남구 두류공원로12길 17-15(앵두마을공원-5),대구광역시 남구 대명1동 1224-14,다목적,1,200,고정형,30,2012-06,053-664-2493,35.84373037,128.5722321,2019-03-27
"대구광역시 남구청",대구광역시 남구 명덕로32길 30(대명공원-5),대구광역시 남구 대명2동 1827,다목적,1,200,초저조도 양방향카메라,30,2018-03,053-664-2493,35.85528977,128.5862434,2019-03-27
"대구광역시 남구청",대구광역시 남구 성당로48길 53(명동공원-6),대구광역시 남구 대명3동 2262-24,다목적,1,200,고정형,30,2012-06,053-664-2493,35.85336122,128.5768961,2019-03-27
"대구광역시 남구청",대구광역시 남구 성당로48길 75 (명동공원-7),대구광역시 남구 대명3동 2242-9,다목적,1,200,고정형,30,2012-06,053-664-2493,35.85330138,128.5780913,2019-03-27
"대구광역시 남구청",대구광역시 남구 성명공원길 41-1(성명공원-5),대구광역시 남구 대명4동 3033-31,다목적,1,200,고정형,30,2012-06,053-664-2493,35.84803272,128.5715988,2019-03-27
"대구광역시 남구청",대구광역시 남구 안지랑로20길 49-2(안지랑공원-5),대구광역시 남구 대명9동 906-14,다목적,1,200,고정형,30,2012-06,053-664-2493,35.838493,128.5742533,2019-03-27
"대구광역시 남구청",대구광역시 남구 관문시장1길 51 (관문공원-5),대구광역시 남구 대명11동 1177-2,다목적,1,200,고정형,30,2012-06,053-664-2493,35.83568618,128.5597881,2019-03-27
"대구광역시 남구청",대구광역시 남구 대명역6길 34-16 (백합공원-5),대구광역시 남구 대명11동 1539-20,다목적,1,200,고정형,30,2012-06,053-664-2493,35.8329549,128.5636871,2019-03-27
"대구광역시 남구청",대구광역시 남구 봉덕로5길 20(봉덕공원-6),대구광역시 남구 봉덕1동 592-9,다목적,1,200,스피드돔 IR 일체형,30,2014-09,053-664-2493,35.84614252,128.5933274,2019-03-27
"대구광역시 남구청",대구광역시 남구 봉덕로2길 31(목련공원-4),대구광역시 남구 봉덕3동 1005-4,다목적,1,200,스피드돔 IR 일체형,30,2015-11,053-664-2493,35.84372745,128.5914053,2019-03-27
"대구광역시 남구청",대구광역시 남구 봉덕로6길 35-32(목련공원-5),대구광역시 남구 봉덕3동 1006-19,다목적,1,200,스피드돔 IR 일체형,30,2015-11,053-664-2493,35.84330215,128.5917453,2019-03-27
"대구광역시 남구청",대구광역시 남구 중앙대로49길 81(대명공원-6),대구광역시 남구 대명2동 1878-1,다목적,1,200,스피드돔 IR 일체형,30,2014-09,053-664-2493,35.85528195,128.5859998,2019-03-27
"대구광역시 남구청",대구광역시 남구 명덕로18길 113(명동공원-8),대구광역시 남구 대명3동 2241-18,다목적,1,200,스피드돔 IR 일체형,30,2014-09,053-664-2493,35.85286007,128.5780217,2019-03-27
"대구광역시 남구청",대구광역시 남구 계명7길 8(명동공원-9),대구광역시 남구 대명3동 2255-4,다목적,1,200,스피드돔 IR 일체형,30,2014-09,053-664-2493,35.85274637,128.5773012,2019-03-27
"대구광역시 남구청",대구광역시 남구 성명공원길 54(성명공원-6),대구광역시 남구 대명4동 3035-41,다목적,1,200,스피드돔 IR 일체형,30,2014-09,053-664-2493,35.84776597,128.5708331,2019-03-27
"대구광역시 남구청",대구광역시 남구 명덕시장길 29(대명제2공원-2),대구광역시 남구 대명5동 328,다목적,1,200,스피드돔 IR 일체형,30,2014-09,053-664-2493,35.84545197,128.5834365,2019-03-27
"대구광역시 남구청",대구광역시 남구 대명로49길 86-26(대명제2공원-3),대구광역시 남구 대명5동 335-1,다목적,1,200,스피드돔 IR 일체형,30,2014-09,053-664-2493,35.84579888,128.5825313,2019-03-27
"대구광역시 남구청",대구광역시 남구 대명로36길 50(안지랑공원-6),대구광역시 남구 대명9동 892-2,다목적,1,200,스피드돔 IR 일체형,30,2014-09,053-664-2493,35.83720186,128.5747199,2019-03-27
"대구광역시 남구청",대구광역시 남구 안지랑로20길 61 (안지랑공원-7),대구광역시 남구 대명9동 905-5,다목적,1,200,스피드돔 IR 일체형,30,2014-09,053-664-2493,35.83823867,128.574661,2019-03-27
"대구광역시 남구청",대구광역시 남구 안지랑로18길 1-2(안지랑공원-8),대구광역시 남구 대명9동 919-14,다목적,1,200,스피드돔 IR 일체형,30,2014-09,053-664-2493,35.83773637,128.5722664,2019-03-27
"대구광역시 남구청",대구광역시 남구 대명역2길 71 (관문공원-6),대구광역시 남구 대명11동 1189-2,다목적,1,200,스피드돔 IR 일체형,30,2014-09,053-664-2493,35.8374576,128.5606861,2019-03-27
"대구광역시 남구청",대구광역시 남구 관문시장4길 68(관문공원-7),대구광역시 남구 대명11동 1239-3,다목적,1,200,스피드돔 IR 일체형,30,2014-09,053-664-2493,35.83628254,128.5613973,2019-03-27
"대구광역시 남구청",대구광역시 남구 골안길 132(백합공원-6),대구광역시 남구 대명11동 1553-27,다목적,1,200,스피드돔 IR 일체형,30,2014-09,053-664-2493,35.83276865,128.5630438,2019-03-27
"대구광역시 남구청",대구광역시 남구 현충로40길 31 (대명소공원-1),대구광역시 남구 대명3동 1916-30,다목적,1,200,고정형,30,2014-11,053-664-2493,35.84986232,128.5828489,2019-03-27
"대구광역시 남구청",대구광역시 남구 현충로40길 31 (대명소공원-2),대구광역시 남구 대명3동 1916-30,다목적,1,200,스피드돔 IR 일체형,30,2014-11,053-664-2493,35.84986232,128.5828489,2019-03-27
"대구광역시 남구청",대구광역시 남구 현충로40길 24-4(대명소공원-3),대구광역시 남구 대명3동 1743-33,다목적,1,200,고정형,30,2014-11,053-664-2493,35.84981984,128.5823172,2019-03-27
"대구광역시 남구청",대구광역시 남구 현충로40길 24-4(대명소공원-4),대구광역시 남구 대명3동 1743-33,다목적,1,200,스피드돔 IR 일체형,30,2014-11,053-664-2493,35.84981984,128.5823172,2019-03-27
"대구광역시 남구청",대구광역시 남구 삼각지4길 17(대명소공원-5),대구광역시 남구 대명3동 1915-1,다목적,1,200,스피드돔 IR 일체형,30,2014-11,053-664-2493,35.85039852,128.5837939,2019-03-27
"대구광역시 남구청",대구광역시 남구 대명동 569-2,대구광역시 남구 앞산순환로 403,생활방범,1,200,회전,30,2019-12,053-664-2493,35.832271,128.569851,2019-03-27
"대구광역시 남구청",대구광역시 남구 대명동 569-2 북편,대구광역시 남구 앞산순환로 403,생활방범,1,200,고정,30,2019-12,053-664-2493,35.832271,128.569851,2019-03-27
"대구광역시 남구청",대구광역시 남구 대명동 575-1 북편,대구광역시 남구 안지랑로5길 3,생활방범,1,200,고정,30,2019-12,053-664-2493,35.832829,128.570164,2019-03-27
"대구광역시 남구청",대구광역시 남구 대명동 575-1 남편,대구광역시 남구 안지랑로5길 3,생활방범,1,200,고정,30,2019-12,053-664-2493,35.832829,128.570164,2019-03-27
"대구광역시 남구청",대구광역시 남구 대명동 580-5 북편,대구광역시 남구 앞산순환로75길 28,생활방범,1,200,고정,30,2019-12,053-664-2493,35.833512,128.567198,2019-03-27
"대구광역시 남구청",대구광역시 남구 대명동 580-5 남편,대구광역시 남구 앞산순환로75길 28,생활방범,1,200,고정,30,2019-12,053-664-2493,35.833512,128.567198,2019-03-27
"대구광역시 남구청",대구광역시 남구 대명동 580-5 동편,대구광역시 남구 앞산순환로75길 28,생활방범,1,200,고정,30,2019-12,053-664-2493,35.833512,128.567198,2019-03-27
"대구광역시 남구청",대구광역시 남구 대명동 580-5 서편,대구광역시 남구 앞산순환로75길 28,생활방범,1,200,고정,30,2019-12,053-664-2493,35.833512,128.567198,2019-03-27
"대구광역시 남구청",대구광역시 남구 대명동 583-2,대구광역시 남구 앞산순환로 391,생활방범,1,200,회전,30,2019-12,053-664-2493,35.832345,128.568509,2019-03-27
"대구광역시 남구청",대구광역시 남구 대명동 584-19,대구광역시 남구 앞산순환로 377,생활방범,1,200,회전,30,2019-12,053-664-2493,35.832225,128.567205,2019-03-27
"대구광역시 남구청",대구광역시 남구 대명동 585-1 동편,대구광역시 남구 앞산순환로 367,생활방범,1,200,고정,30,2019-12,053-664-2493,35.832836,128.565813,2019-03-27
"대구광역시 남구청",대구광역시 남구 대명동 585-1 서편,대구광역시 남구 앞산순환로 367,생활방범,1,200,고정,30,2019-12,053-664-2493,35.832836,128.565813,2019-03-27
"대구광역시 남구청",대구광역시 남구 대명동 585-1 식별,대구광역시 남구 앞산순환로 367,생활방범,1,200,고정,30,2019-12,053-664-2493,35.832836,128.565813,2019-03-27
"대구광역시 남구청",대구광역시 남구 대명동 590-2,대구광역시 남구 대명로14길 123,생활방범,1,200,회전,30,2019-12,053-664-2493,35.833486,128.565131,2019-03-27
"대구광역시 남구청",대구광역시 남구 대명동 595-1 남편,대구광역시 남구 대명로14길 105,생활방범,1,200,고정,30,2019-12,053-664-2493,35.834404,128.565142,2019-03-27
"대구광역시 남구청",대구광역시 남구 대명동 595-1 서편,대구광역시 남구 대명로14길 105,생활방범,1,200,고정,30,2019-12,053-664-2493,35.834404,128.565142,2019-03-27
"대구광역시 남구청",대구광역시 남구 대명동 595-1 북편,대구광역시 남구 대명로14길 105,생활방범,1,200,고정,30,2019-12,053-664-2493,35.834404,128.565142,2019-03-27
"대구광역시 남구청",대구광역시 남구 대명동 595-1 동편,대구광역시 남구 대명로14길 105,생활방범,1,200,고정,30,2019-12,053-664-2493,35.834404,128.565142,2019-03-27
"대구광역시 남구청",대구광역시 남구 대명동 596-1 서편,대구광역시 남구 대명남로 64,생활방범,1,200,고정,30,2019-12,053-664-2493,35.834788,128.565063,2019-03-27
"대구광역시 남구청",대구광역시 남구 대명동 596-1 식별,대구광역시 남구 대명남로 64,생활방범,1,200,고정,30,2019-12,053-664-2493,35.834788,128.565063,2019-03-27
"대구광역시 남구청",대구광역시 남구 대명동 597-4 남편,대구광역시 남구 대명남로 74,생활방범,1,200,고정,30,2019-12,053-664-2493,35.834762,128.566181,2019-03-27
"대구광역시 남구청",대구광역시 남구 대명동 597-4 북편,대구광역시 남구 대명남로 74,생활방범,1,200,고정,30,2019-12,053-664-2493,35.834762,128.566181,2019-03-27
"대구광역시 남구청",대구광역시 남구 대명동 601-5 북편,대구광역시 남구 앞산순환로75길 48-2,생활방범,1,200,고정,30,2019-12,053-664-2493,35.834192,128.567173,2019-03-27
"대구광역시 남구청",대구광역시 남구 대명동 601-5 남편,대구광역시 남구 앞산순환로75길 48-2,생활방범,1,200,고정,30,2019-12,053-664-2493,35.834192,128.567173,2019-03-27
"대구광역시 남구청",대구광역시 남구 대명동 608-16 서편,대구광역시 남구 대명남로 110,생활방범,1,200,고정,30,2019-12,053-664-2493,35.834780,128.570169,2019-03-27
"대구광역시 남구청",대구광역시 남구 대명동 608-16 동편,대구광역시 남구 대명남로 110,생활방범,1,200,고정,30,2019-12,053-664-2493,35.834780,128.570169,2019-03-27
"대구광역시 남구청",대구광역시 남구 대명동 610-5 서편,대구광역시 남구 앞산순환로79길 42,생활방범,1,200,고정,30,2019-12,053-664-2493,35.834140,128.568817,2019-03-27
"대구광역시 남구청",대구광역시 남구 대명동 610-5 동편,대구광역시 남구 앞산순환로79길 42,생활방범,1,200,고정,30,2019-12,053-664-2493,35.834140,128.568817,2019-03-27
"대구광역시 남구청",대구광역시 남구 대명동 610-5 북편,대구광역시 남구 앞산순환로79길 42,생활방범,1,200,고정,30,2019-12,053-664-2493,35.834140,128.568817,2019-03-27
"대구광역시 남구청",대구광역시 남구 대명동 610-5 남편,대구광역시 남구 앞산순환로79길 42,생활방범,1,200,고정,30,2019-12,053-664-2493,35.834140,128.568817,2019-03-27
"대구광역시 남구청",대구광역시 남구 대명동 612-23 북편,대구광역시 남구 앞산순환로81길 56-2,생활방범,1,200,고정,30,2019-12,053-664-2493,35.834230,128.570380,2019-03-27
"대구광역시 남구청",대구광역시 남구 대명동 612-23 남편,대구광역시 남구 앞산순환로81길 56-2,생활방범,1,200,고정,30,2019-12,053-664-2493,35.834230,128.570380,2019-03-27
"대구광역시 남구청",대구광역시 남구 대명동 937-2 북편,대구광역시 남구 안지랑로 37,생활방범,1,200,고정,30,2019-12,053-664-2493,35.835062,128.571207,2019-03-27
"대구광역시 남구청",대구광역시 남구 대명동 937-2 식별,대구광역시 남구 안지랑로 37,생활방범,1,200,고정,30,2019-12,053-664-2493,35.835062,128.571207,2019-03-27
"대구광역시 남구청",대구광역시 남구 대명동 948-20 서편,대구광역시 남구 안지랑로 59,생활방범,1,200,고정,30,2019-12,053-664-2493,35.836693,128.571206,2019-03-27
"대구광역시 남구청",대구광역시 남구 대명동 948-20 북편,대구광역시 남구 안지랑로 59,생활방범,1,200,고정,30,2019-12,053-664-2493,35.836693,128.571206,2019-03-27
"대구광역시 남구청",대구광역시 남구 대명동 932-8 남편,대구광역시 남구 안지랑로 56,생활방범,1,200,고정,30,2019-12,053-664-2493,35.836537,128.571933,2019-03-27
"대구광역시 남구청",대구광역시 남구 대명동 1018-13 북편,대구광역시 남구 대명로22길 82,생활방범,1,200,고정,30,2019-12,053-664-2493,35.835565,128.569485,2019-03-27
"대구광역시 남구청",대구광역시 남구 대명동 1018-13 남편,대구광역시 남구 대명로22길 82,생활방범,1,200,고정,30,2019-12,053-664-2493,35.835565,128.569485,2019-03-27
"대구광역시 남구청",대구광역시 남구 대명동 1058-1 식별-서,대구광역시 남구 대명로 70,생활방범,1,200,고정,30,2019-12,053-664-2493,35.838959,128.565304,2019-03-27
"대구광역시 남구청",대구광역시 남구 대명동 1058-1 식별-동,대구광역시 남구 대명로 70,생활방범,1,200,고정,30,2019-12,053-664-2493,35.838959,128.565304,2019-03-27
"대구광역시 남구청",대구광역시 남구 대명동 1080-1 남편,대구광역시 남구 대륙2길 13,생활방범,1,200,고정,30,2019-12,053-664-2493,35.835606,128.566142,2019-03-27
"대구광역시 남구청",대구광역시 남구 대명동 1080-1 북편,대구광역시 남구 대륙2길 13,생활방범,1,200,고정,30,2019-12,053-664-2493,35.835606,128.566142,2019-03-27
"대구광역시 남구청",대구광역시 남구 대명동 1080-1 동편,대구광역시 남구 대륙2길 13,생활방범,1,200,고정,30,2019-12,053-664-2493,35.835606,128.566142,2019-03-27
"대구광역시 남구청",대구광역시 남구 대명동 1080-1 서편,대구광역시 남구 대륙2길 13,생활방범,1,200,고정,30,2019-12,053-664-2493,35.835606,128.566142,2019-03-27
"대구광역시 남구청",대구광역시 남구 대명동 1093-3 남편,대구광역시 남구 대륙1길 49,생활방범,1,200,고정,30,2019-12,053-664-2493,35.837730,128.565255,2019-03-27
"대구광역시 남구청",대구광역시 남구 대명동 1093-3 북편,대구광역시 남구 대륙1길 49,생활방범,1,200,고정,30,2019-12,053-664-2493,35.837730,128.565255,2019-03-27
"대구광역시 남구청",대구광역시 남구 대명동 1458-6,대구광역시 남구 대명남로 61,생활방범,1,200,회전,30,2019-12,053-664-2493,35.835058,128.564639,2019-03-27
"대구광역시 남구청",대구광역시 남구 대명동 1458-6 식별,대구광역시 남구 대명남로 61,생활방범,1,200,고정,30,2019-12,053-664-2493,35.835058,128.564639,2019-03-27
"대구광역시 남구청",대구광역시 남구 대명동 913-1,대구광역시 남구 안지랑로 82,생활방범,1,200,회전,30,2019-12,053-664-2493,35.838802,128.572187,2019-03-27
"대구광역시 남구청",대구광역시 남구 대명동 936 동편,대구광역시 남구 안지랑로16길 30,생활방범,1,200,고정,30,2019-12,053-664-2493,35.835995,128.572381,2019-03-27
"대구광역시 남구청",대구광역시 남구 대명동 936 남서편,대구광역시 남구 안지랑로16길 30,생활방범,1,200,고정,30,2019-12,053-664-2493,35.835995,128.572381,2019-03-27
"대구광역시 남구청",대구광역시 남구 대명동 936-3 동편,대구광역시 남구 안지랑로 42,생활방범,1,200,고정,30,2019-12,053-664-2493,35.835319,128.571766,2019-03-27
"대구광역시 남구청",대구광역시 남구 대명동 936-3 식별,대구광역시 남구 안지랑로 42,생활방범,1,200,고정,30,2019-12,053-664-2493,35.835319,128.571766,2019-03-27
"대구광역시 남구청",대구광역시 남구 대명동 1058-1,대구광역시 남구 대명로 70,생활방범,1,200,회전,30,2019-12,053-664-2493,35.838960,128.565300,2019-03-27
"대구광역시 남구청",대구광역시 남구  명덕시장길 29(대명생태공원-2),대구광역시 남구  명덕시장길 29(대명생태공원-2),생활방범,1,200,고정,30,2019-12,053-664-2493,35.845231,128.584039,2019-03-27
"대구광역시 남구청",대구광역시 남구  명덕시장길 29(대명생태공원-3),대구광역시 남구  명덕시장길 29(대명생태공원-3),생활방범,1,200,고정,30,2019-12,053-664-2493,35.845231,128.584039,2019-03-27
"대구광역시 남구청",대구광역시 남구  명덕시장길 29(대명생태공원-4),대구광역시 남구  명덕시장길 29(대명생태공원-4),생활방범,1,200,회전,30,2019-12,053-664-2493,35.845231,128.584039,2019-03-27
"대구광역시 남구청",대구광역시 남구  명덕시장길 29(대명생태공원-5),대구광역시 남구  명덕시장길 29(대명생태공원-5),생활방범,1,200,회전,30,2019-12,053-664-2493,35.845231,128.584039,2019-03-27
"대구광역시 남구청",대구광역시 남구  명덕시장길 29(대명생태공원-6),대구광역시 남구  명덕시장길 29(대명생태공원-6),생활방범,1,200,회전,30,2019-12,053-664-2493,35.845231,128.584039,2019-03-27
